station,end_time,length_period,granularity,parameter,instrument,MK_seasonality,method,ss_1,ss_2,ss_3,ss_4,ss_5,ss_6,ss_7,ss_8,ss_9,ss_10,ss_11,ss_12,ss_13,slope_1,slope_2,slope_3,slope_4,slope_5,slope_6,slope_7,slope_8,slope_9,slope_10,slope_11,slope_12,slope_13,UCL_1,UCL_2,UCL_3,UCL_4,UCL_5,UCL_6,UCL_7,UCL_8,UCL_9,UCL_10,UCL_11,UCL_12,UCL_13,LCL_1,LCL_2,LCL_3,LCL_4,LCL_5,LCL_6,LCL_7,LCL_8,LCL_9,LCL_10,LCL_11,LCL_12,LCL_13
SUM,2025,10,daily,BsG20_S11,neph,y,MK,95,,,,,,,,,,,,,0.0173248525745504,,,,,,,,,,,,,0.0233952723390639,,,,,,,,,,,,,0.0112943144625219,,,,,,,,,,,,
SUM,2025,10,daily,BsG20_S11,neph,MetSea,MK,95,95,95,95,95,,,,,,,,,0.0267845566601529,0.0567819928201508,0.00618889160767098,0.00716235561626054,NaN,,,,,,,,,0.0439646092205384,0.0862987641013362,0.0152407409690451,0.0122705745008052,NaN,,,,,,,,,0.0106168452606369,0.0292145278597247,-0.00262049659920569,0.00208626782023487,NaN,,,,,,,,
SUM,2025,10,daily,BsG20_S11,neph,month,MK,-1,-1,-1,-1,-1,-1,95,0,-1,-1,-1,-1,95,0.008026687503327,0.00870690654216707,0.0147623985784458,0.0284403876728177,0.0338315190490274,0.0272358375447509,0.102048626013537,0.0407950928052006,0.023540322481738,0.00781265054824232,0.00299020720963867,0.00646061958404602,0.0191513605300919,0.0160903886045298,0.0192025138312433,0.0329497751693222,0.060140975839709,0.0764369947343155,0.066192492515267,0.168495408805965,0.0991158911446961,0.0520218710228329,0.0261943872977524,0.0115547789789735,0.0151844130229266,0.0424858230960775,0.00032412356981966,-0.00192735035147425,-0.0026299611811652,-0.00166559946743556,-0.00789804059865318,-0.00914797687899409,0.0489321156709019,-0.0160245763313731,-0.00485880845182277,-0.00870749670987774,-0.00525471490607574,-0.00203961329248751,-0.00374438481649398
SUM,2024,10,daily,BsG20_S11,neph,y,MK,95,,,,,,,,,,,,,0.0208632664757406,,,,,,,,,,,,,0.0277839030739757,,,,,,,,,,,,,0.0140364388207426,,,,,,,,,,,,
SUM,2024,10,daily,BsG20_S11,neph,MetSea,MK,95,-1,95,95,95,,,,,,,,,0.0309455806348066,0.0318714990400419,0.0191883944239377,0.0074983026312382,NaN,,,,,,,,,0.0551714284111879,0.0645150717781006,0.0309356762808227,0.0143382052295633,NaN,,,,,,,,,0.00876887760653141,0.00168486113541419,0.00785302166526125,0.000770954183010655,NaN,,,,,,,,
SUM,2024,10,daily,BsG20_S11,neph,month,MK,-1,-1,-1,-1,-1,0,-1,-1,95,95,-1,95,95,0.000858069435748092,0.00538531558737039,0.0131481579136958,0.0306561033644697,0.0395092448940572,-0.0125739518486997,0.0685290200587437,0.041855499459594,0.063415249766349,0.0215858715631318,0.0101142535558025,0.0160765436041716,NaN,0.0122989699478023,0.019021500556924,0.0393398454786247,0.0742723634878238,0.101719059564618,0.0328943197579711,0.130924793051773,0.109939848375229,0.0992887337415579,0.0427056486842718,0.0218676519355653,0.0268254853503063,NaN,-0.0105522285475201,-0.00807088914427656,-0.0113409378107197,-0.00824359895130211,-0.0178887811352644,-0.0586211958964649,0.0104269808804453,-0.0148523062587371,0.0261734437661156,0.00137802635245999,-0.00171005538510151,0.00581919364872755,NaN
SUM,2023,10,daily,BsG20_S11,neph,y,MK,95,,,,,,,,,,,,,0.0165900083359925,,,,,,,,,,,,,0.0238948436608087,,,,,,,,,,,,,0.00927399948381927,,,,,,,,,,,,
SUM,2023,10,daily,BsG20_S11,neph,MetSea,MK,-1,-1,95,95,95,,,,,,,,,0.0168221638658391,0.0364611646145176,0.0112558117786107,0.00738836744047664,NaN,,,,,,,,,0.0417789778959504,0.0717135870041184,0.0236740634278358,0.0136616016540062,NaN,,,,,,,,,-0.00896616185140817,0.00329113973899902,-0.000718007429744094,0.000962749648267856,NaN,,,,,,,,
SUM,2023,10,daily,BsG20_S11,neph,month,MK,-1,-1,-1,0,0,0,95,0,95,-1,-1,95,95,0.003933624310833,0.00512046021183923,0.0217847682622407,-0.0299681822176924,0.0438797942237476,-0.0186068055582112,0.10896239821679,0.05102273335346,0.0525873885016779,0.0152688805078689,0.00360024448169744,0.0148226058494114,NaN,0.0138719254599811,0.0176528151628773,0.0505506411228108,0.0174502121067751,0.116928500026662,0.0261421238350499,0.191892024873916,0.132190548215484,0.0968254104071723,0.0385317842505035,0.0167767392657704,0.0258283182264453,NaN,-0.00636603214530954,-0.00702897751634045,-0.0063346746392242,-0.0772511252318793,-0.0250161400904728,-0.0646795367574641,0.0336061337204486,-0.0160486922986471,0.0107834331850111,-0.00601990167367229,-0.0090804684819122,0.00390193998425558,NaN
SUM,2022,10,daily,BsG20_S11,neph,y,MK,0,,,,,,,,,,,,,0.00267482960521819,,,,,,,,,,,,,0.00833200141224552,,,,,,,,,,,,,-0.00299115612122374,,,,,,,,,,,,
SUM,2022,10,daily,BsG20_S11,neph,MetSea,MK,0,0,0,-1,0,,,,,,,,,-0.00721192915511173,-0.00967789319757251,0.00530394557950293,0.00640190590424147,NaN,,,,,,,,,0.0152133750276256,0.0169748023622543,0.0152667865374929,0.0119873716248979,NaN,,,,,,,,,-0.0296242232762565,-0.03633174597995,-0.00473392241298944,0.000759222550372837,NaN,,,,,,,,
SUM,2022,10,daily,BsG20_S11,neph,month,MK,0,0,0,0,0,0,0,0,95,0,0,0,0,0.00802074367778292,0.000733470654978392,0.00295436517467746,-0.0535869205407768,0.0116806680739627,-0.0390618790966554,0.0149883871418508,0.0146222074741844,0.0411245811758302,0.00399741643425605,-0.0049833123800562,0.0123723317400251,NaN,0.0162376961327049,0.0115134994504275,0.0270390120754132,-0.0079726225325477,0.0653407026555735,-0.00324957492675058,0.0716125168223156,0.0744547369504343,0.0720410970798062,0.021781930315261,0.00682808524309193,0.0236545705694797,NaN,-0.000699491635019808,-0.0109718878906832,-0.0216258747979929,-0.0959818094721549,-0.042048827758406,-0.072806282842874,-0.038794289303307,-0.0419557172422268,0.011364259002124,-0.014222643269441,-0.0164483660390329,0.00142440262298767,NaN
SUM,2021,10,daily,BsG20_S11,neph,y,MK,0,,,,,,,,,,,,,0.00153161295908535,,,,,,,,,,,,,0.00669916512244842,,,,,,,,,,,,,-0.00367086281368544,,,,,,,,,,,,
SUM,2021,10,daily,BsG20_S11,neph,MetSea,MK,0,0,0,0,0,,,,,,,,,-0.0161955452428371,-0.017810174864857,0.0111803928569609,0.00456717925715626,NaN,,,,,,,,,0.00774819496954997,0.013419076918594,0.0237331721400696,0.0100519954158871,NaN,,,,,,,,,-0.0410744254020841,-0.0500912507394539,-0.00109737985268666,-0.00107139036301897,NaN,,,,,,,,
SUM,2021,10,daily,BsG20_S11,neph,month,MK,0,0,0,0,0,95,0,0,95,0,0,0,0,0.00415137235330372,-0.00331538335688737,-0.00704395360923194,-0.0393724667488218,-0.0137649079948361,-0.0617858112967644,0.0301907960190674,-0.0229756725637611,0.0508758436712775,0.010371046699108,-0.00137452117904922,0.0119858507040221,NaN,0.0124681811171481,0.0084987141823871,0.0215303123397712,0.0093148513638013,0.0405868592346585,-0.0140801637903946,0.0771768844643448,0.0510491946453616,0.0866029125655112,0.0327864079397466,0.0132625320341786,0.0212505564619604,NaN,-0.00458915806079503,-0.0168456126808658,-0.0364617373307414,-0.0845007906328749,-0.0675820225933124,-0.107224420870349,-0.0176289504621139,-0.10978956736337,0.0150057489919206,-0.0117651285536795,-0.0164598408501466,0.0026520024680763,NaN
SUM,2025,10,daily,BaGall_A11,abs,y,MK,0,,,,,,,,,,,,,0.000280831362417847,,,,,,,,,,,,,0.000728998710747303,,,,,,,,,,,,,-0.00013273790191119,,,,,,,,,,,,
SUM,2025,10,daily,BaGall_A11,abs,MetSea,MK,0,95,0,0,0,,,,,,,,,0.00110528506901654,0.00191716167470059,0.000384593741819935,0,NaN,,,,,,,,,0.00255212459594051,0.00358424010524934,0.00110853822132992,0.000216895469524701,NaN,,,,,,,,,-0.000322606550511645,0.000270903278388687,-0.000110038954346902,-0.000561001697128066,NaN,,,,,,,,
SUM,2025,10,daily,BaGall_A11,abs,month,MK,0,0,0,0,0,0,95,0,95,0,0,0,0,0,0,-3.61502867729546e-06,0.00194698437406115,0.00024528449386582,0.000384382777258667,0.00628542290366164,0.00087524749450297,0.00253689917982873,0.000267719712317098,-0.00039631916077786,0,NaN,0.00057678470287958,0.000735273586519815,0.00155132971414454,0.00446097804938909,0.00353532813940232,0.0029276095338178,0.00994506793016167,0.00391131289655266,0.00404211311141622,0.0016879563862459,0.000264920998052146,0.000808811892393741,NaN,-0.00105290666987647,-0.00083381759093692,-0.00178931879905885,-0.000714900191027342,-0.0031927369772897,-0.00198180637639133,0.0028143775464524,-0.00177049077705985,0.000958159393301597,-0.000997508574602295,-0.00126262530862008,-0.000932675032702116,NaN
SUM,2025,20,daily,BaGall_A11,abs,y,MK,0,,,,,,,,,,,,,0.000104237561116297,,,,,,,,,,,,,0.000282940691875377,,,,,,,,,,,,,-6.48627253743679e-05,,,,,,,,,,,,
SUM,2025,20,daily,BaGall_A11,abs,MetSea,MK,0,95,0,0,0,,,,,,,,,0.000315279449459169,0.000878954688461726,0,0,NaN,,,,,,,,,0.000986957430479091,0.00150809452146399,0.000363658348687745,0.000211082918340198,NaN,,,,,,,,,-0.00033711784593191,0.000277294668519816,-0.000426991581675257,-0.000292362520082048,NaN,,,,,,,,
SUM,2025,20,daily,BaGall_A11,abs,month,MK,0,0,0,0,0,0,95,0,95,0,0,0,0,1.70105687528024e-05,-6.35425719070179e-05,0.000252762377355632,0.00128919847979633,-0.00116637929227863,-0.000172173340405666,0.00222563303245447,0.000504932257972064,0.000975301829052867,-0.00057675967651723,-0.000403764944308052,-4.96180767514908e-05,NaN,0.000566056256572044,0.000351233793661542,0.00110388863333946,0.00255623264864975,0.00026507867321184,0.000952315219722772,0.00332285032962202,0.00158958563240306,0.00174635021475916,0.000199697763702851,0.00019120800090015,0.000408715865949063,NaN,-0.000325752155075212,-0.000633133935303168,-0.000564794864664209,4.0821311019796e-05,-0.00264402751714021,-0.00130889109892204,0.0011819115917293,-0.000509629409163679,0.00019425810095445,-0.00142079898812657,-0.00107471612069184,-0.000621883544723644,NaN
SUM,2024,10,daily,BsG20_S11,neph,y,MK,95,,,,,,,,,,,,,0.0208632664757406,,,,,,,,,,,,,0.0277839030739757,,,,,,,,,,,,,0.0140364388207426,,,,,,,,,,,,
SUM,2024,10,daily,BsG20_S11,neph,MetSea,MK,95,-1,95,95,95,,,,,,,,,0.0309455806348066,0.0318714990400419,0.0191883944239377,0.0074983026312382,NaN,,,,,,,,,0.0551714284111879,0.0645150717781006,0.0309356762808227,0.0143382052295633,NaN,,,,,,,,,0.00876887760653141,0.00168486113541419,0.00785302166526125,0.000770954183010655,NaN,,,,,,,,
SUM,2024,10,daily,BsG20_S11,neph,month,MK,-1,-1,-1,-1,-1,0,-1,-1,95,95,-1,95,95,0.000858069435748092,0.00538531558737039,0.0131481579136958,0.0306561033644697,0.0395092448940572,-0.0125739518486997,0.0685290200587437,0.041855499459594,0.063415249766349,0.0215858715631318,0.0101142535558025,0.0160765436041716,NaN,0.0122989699478023,0.019021500556924,0.0393398454786247,0.0742723634878238,0.101719059564618,0.0328943197579711,0.130924793051773,0.109939848375229,0.0992887337415579,0.0427056486842718,0.0218676519355653,0.0268254853503063,NaN,-0.0105522285475201,-0.00807088914427656,-0.0113409378107197,-0.00824359895130211,-0.0178887811352644,-0.0586211958964649,0.0104269808804453,-0.0148523062587371,0.0261734437661156,0.00137802635245999,-0.00171005538510151,0.00581919364872755,NaN
SUM,2023,10,daily,BsG20_S11,neph,y,MK,95,,,,,,,,,,,,,0.0165900083359925,,,,,,,,,,,,,0.0238948436608087,,,,,,,,,,,,,0.00927399948381927,,,,,,,,,,,,
SUM,2023,10,daily,BsG20_S11,neph,MetSea,MK,-1,-1,95,95,95,,,,,,,,,0.0168221638658391,0.0364611646145176,0.0112558117786107,0.00738836744047664,NaN,,,,,,,,,0.0417789778959504,0.0717135870041184,0.0236740634278358,0.0136616016540062,NaN,,,,,,,,,-0.00896616185140817,0.00329113973899902,-0.000718007429744094,0.000962749648267856,NaN,,,,,,,,
SUM,2023,10,daily,BsG20_S11,neph,month,MK,-1,-1,-1,0,0,0,95,0,95,-1,-1,95,95,0.003933624310833,0.00512046021183923,0.0217847682622407,-0.0299681822176924,0.0438797942237476,-0.0186068055582112,0.10896239821679,0.05102273335346,0.0525873885016779,0.0152688805078689,0.00360024448169744,0.0148226058494114,NaN,0.0138719254599811,0.0176528151628773,0.0505506411228108,0.0174502121067751,0.116928500026662,0.0261421238350499,0.191892024873916,0.132190548215484,0.0968254104071723,0.0385317842505035,0.0167767392657704,0.0258283182264453,NaN,-0.00636603214530954,-0.00702897751634045,-0.0063346746392242,-0.0772511252318793,-0.0250161400904728,-0.0646795367574641,0.0336061337204486,-0.0160486922986471,0.0107834331850111,-0.00601990167367229,-0.0090804684819122,0.00390193998425558,NaN
SUM,2022,10,daily,BsG20_S11,neph,y,MK,0,,,,,,,,,,,,,0.00267482960521819,,,,,,,,,,,,,0.00833200141224552,,,,,,,,,,,,,-0.00299115612122374,,,,,,,,,,,,
SUM,2022,10,daily,BsG20_S11,neph,MetSea,MK,0,0,0,-1,0,,,,,,,,,-0.00721192915511173,-0.00967789319757251,0.00530394557950293,0.00640190590424147,NaN,,,,,,,,,0.0152133750276256,0.0169748023622543,0.0152667865374929,0.0119873716248979,NaN,,,,,,,,,-0.0296242232762565,-0.03633174597995,-0.00473392241298944,0.000759222550372837,NaN,,,,,,,,
SUM,2022,10,daily,BsG20_S11,neph,month,MK,0,0,0,0,0,0,0,0,95,0,0,0,0,0.00802074367778292,0.000733470654978392,0.00295436517467746,-0.0535869205407768,0.0116806680739627,-0.0390618790966554,0.0149883871418508,0.0146222074741844,0.0411245811758302,0.00399741643425605,-0.0049833123800562,0.0123723317400251,NaN,0.0162376961327049,0.0115134994504275,0.0270390120754132,-0.0079726225325477,0.0653407026555735,-0.00324957492675058,0.0716125168223156,0.0744547369504343,0.0720410970798062,0.021781930315261,0.00682808524309193,0.0236545705694797,NaN,-0.000699491635019808,-0.0109718878906832,-0.0216258747979929,-0.0959818094721549,-0.042048827758406,-0.072806282842874,-0.038794289303307,-0.0419557172422268,0.011364259002124,-0.014222643269441,-0.0164483660390329,0.00142440262298767,NaN
SUM,2021,10,daily,BsG20_S11,neph,y,MK,0,,,,,,,,,,,,,0.00153161295908535,,,,,,,,,,,,,0.00669916512244842,,,,,,,,,,,,,-0.00367086281368544,,,,,,,,,,,,
SUM,2021,10,daily,BsG20_S11,neph,MetSea,MK,0,0,0,0,0,,,,,,,,,-0.0161955452428371,-0.017810174864857,0.0111803928569609,0.00456717925715626,NaN,,,,,,,,,0.00774819496954997,0.013419076918594,0.0237331721400696,0.0100519954158871,NaN,,,,,,,,,-0.0410744254020841,-0.0500912507394539,-0.00109737985268666,-0.00107139036301897,NaN,,,,,,,,
SUM,2021,10,daily,BsG20_S11,neph,month,MK,0,0,0,0,0,95,0,0,95,0,0,0,0,0.00415137235330372,-0.00331538335688737,-0.00704395360923194,-0.0393724667488218,-0.0137649079948361,-0.0617858112967644,0.0301907960190674,-0.0229756725637611,0.0508758436712775,0.010371046699108,-0.00137452117904922,0.0119858507040221,NaN,0.0124681811171481,0.0084987141823871,0.0215303123397712,0.0093148513638013,0.0405868592346585,-0.0140801637903946,0.0771768844643448,0.0510491946453616,0.0866029125655112,0.0327864079397466,0.0132625320341786,0.0212505564619604,NaN,-0.00458915806079503,-0.0168456126808658,-0.0364617373307414,-0.0845007906328749,-0.0675820225933124,-0.107224420870349,-0.0176289504621139,-0.10978956736337,0.0150057489919206,-0.0117651285536795,-0.0164598408501466,0.0026520024680763,NaN
SUM,2024,10,daily,BaGall_A11,abs,y,MK,0,,,,,,,,,,,,,8.66893077874354e-05,,,,,,,,,,,,,0.000562756100207096,,,,,,,,,,,,,-0.000302887010760418,,,,,,,,,,,,
SUM,2024,10,daily,BaGall_A11,abs,MetSea,MK,0,0,95,0,0,,,,,,,,,0.000600701705471875,-0.0010005616967232,0.00146824189893914,0,NaN,,,,,,,,,0.00237217080273962,0.00073237872983767,0.00244308900965577,0.000333375883361758,NaN,,,,,,,,,-0.00108193052784793,-0.00272743592887622,0.00046924064891346,-0.000673662908677916,NaN,,,,,,,,
SUM,2024,10,daily,BaGall_A11,abs,month,MK,0,0,0,0,0,95,0,0,95,0,0,0,0,-0.000607881512581244,0,0.00045366977639015,0.000713135294542029,-0.0011083617204669,-0.00389057749981343,0.0017995666080708,0.000506099069456671,0.00343066043454339,0.00191838267679132,0,0.000402703225275072,NaN,7.58430499054979e-05,0.00109559577164847,0.00236889973888067,0.0041730072288938,0.00280318123896188,-0.00133555293235893,0.00549878103684936,0.003693112526871,0.00527647012027879,0.00371682967186306,0.00127507647036366,0.00154225724578174,NaN,-0.00180310577043344,-0.00109133824685565,-0.0012383591374436,-0.00268562409849957,-0.00504533356895864,-0.00653808648525166,-0.00208192933422685,-0.00230623560458566,0.00153334879003639,1.58384174430171e-05,-0.00124238482194137,-0.000504017848525672,NaN
SUM,2023,10,daily,BaGall_A11,abs,y,MK,0,,,,,,,,,,,,,-0.00028618474345277,,,,,,,,,,,,,0.000129883996174137,,,,,,,,,,,,,-0.000785713484945169,,,,,,,,,,,,
SUM,2023,10,daily,BaGall_A11,abs,MetSea,MK,0,0,0,0,0,,,,,,,,,-0.000522279089935838,-0.00117031568140341,0.000529049231305844,-0.000255388606674243,NaN,,,,,,,,,0.00150945977849786,0.00061030221356314,0.00156435207718203,0.000113526636421498,NaN,,,,,,,,,-0.00256918086676984,-0.00304277977933238,-0.000267202974375071,-0.00101517015114092,NaN,,,,,,,,
SUM,2023,10,daily,BaGall_A11,abs,month,MK,0,0,0,0,0,0,0,0,0,0,0,0,0,-0.000421740950909832,-0.000609884484464188,0.0006110619009595,-0.00382934914827524,-0.000870029396752398,-0.00323488281842556,0.000832920503490979,0.000221323321243469,0.00179139910362524,0.000964180535929678,-0.000223237608542181,0.000259351734299494,NaN,0.000313598040756175,0.000405366510545529,0.00278640980512076,0.000357354562333128,0.00414423336274141,-0.000517277929221284,0.0049404615345785,0.00356304449388555,0.00384806815979418,0.00271627885528021,0.000953251313490123,0.00161534170939586,NaN,-0.00159668853281754,-0.00194565341601648,-0.00149172760807728,-0.00809066250657046,-0.00564227787593554,-0.00593113146433074,-0.00323205994636422,-0.00282292136780896,0,-0.000821258986129804,-0.0018121471376875,-0.000840194844416442,NaN
SUM,2022,10,daily,BaGall_A11,abs,y,MK,95,,,,,,,,,,,,,-0.000841834589351355,,,,,,,,,,,,,-0.000372604678780079,,,,,,,,,,,,,-0.00130772927567068,,,,,,,,,,,,
SUM,2022,10,daily,BaGall_A11,abs,MetSea,MK,-1,95,0,-1,95,,,,,,,,,-0.00113438087164029,-0.00335974793861353,0.000119674586600448,-0.000121041864925259,NaN,,,,,,,,,0.000797810016369215,-0.00158857282858681,0.00111789953961307,0.000253410631045644,NaN,,,,,,,,,-0.00313929929609242,-0.00510938445749321,-0.000607812511442112,-0.000901161798020013,NaN,,,,,,,,
SUM,2022,10,daily,BaGall_A11,abs,month,MK,-1,-1,0,95,0,95,-1,0,0,0,-1,0,95,-0.000190236796587365,-0.000553228805381847,-0.000564191922471008,-0.00520759889152047,0.000572973572394372,-0.0041322796868886,-0.00357925046454738,-0.000949094961438959,0.00192106865232201,0.00011967458660045,-0.00102611024672572,0.00035869373118168,NaN,0.000582575305052347,0.000591345697379529,0.00160490921358001,-0.000831102587178132,0.00532118266517824,-0.00173964634331442,0.000119674586600591,0.0020833036959808,0.00372733116240182,0.00195689088518344,0.000179094684055071,0.00180218749901307,NaN,-0.00126354789886727,-0.00192601015144689,-0.00283375829452331,-0.00955264725530558,-0.00385667067641524,-0.00662007044552437,-0.00734203409698065,-0.00415329604538662,0.000119674586600447,-0.0014967751655237,-0.00253780325556625,-0.000819535009044725,NaN
SUM,2021,10,daily,BaGall_A11,abs,y,MK,95,,,,,,,,,,,,,-0.000950862162781792,,,,,,,,,,,,,-0.000496656857009214,,,,,,,,,,,,,-0.00141510646565815,,,,,,,,,,,,
SUM,2021,10,daily,BaGall_A11,abs,MetSea,MK,-1,95,0,-1,95,,,,,,,,,-0.00148361429113467,-0.00360581348110703,0.000151086507384947,-0.00024735785626308,NaN,,,,,,,,,0.000627122393947149,-0.00159820077004266,0.00122421926818629,0.000151086507384946,NaN,,,,,,,,,-0.00363866691406561,-0.00568583056392003,-0.000664561772084223,-0.000960089364582176,NaN,,,,,,,,
SUM,2021,10,daily,BaGall_A11,abs,month,MK,-1,-1,0,0,0,95,0,0,0,0,-1,0,95,-0.000433855642838931,-0.000951372288074065,-0.000677643127345825,-0.00323167702655596,-0.00195476664089958,-0.00550536231393878,-0.00119875683522864,-0.00294628179119842,0.00162611800801581,0.000151086507384945,-0.000673103644169924,0.000432982013039893,NaN,0.000171981204942849,0.000151086507384956,0.00182319822456819,0.00130446510455134,0.00241245175333985,-0.00247050739263662,0.00222213862045949,0.000813291556518809,0.00368698189551352,0.00195172602698404,0.00083515746129335,0.00169879888294945,NaN,-0.00146572426871585,-0.00247308014984732,-0.00330217589609986,-0.0077968978801443,-0.00612415389034876,-0.00861815251786314,-0.00470803017535091,-0.00712531075546378,-2.21333274367125e-05,-0.00177577855587248,-0.00235111475957418,-0.000581117806492275,NaN
SUM,2020,10,daily,BaGall_A11,abs,y,MK,95,,,,,,,,,,,,,-0.000604670603487969,,,,,,,,,,,,,-0.000152022362434261,,,,,,,,,,,,,-0.0010547102577325,,,,,,,,,,,,
SUM,2020,10,daily,BaGall_A11,abs,MetSea,MK,95,0,0,0,95,,,,,,,,,-0.00241080898255355,-0.00214056344635567,-3.82496361838934e-05,0,NaN,,,,,,,,,-0.0002832859850338,-0.000397146341556438,0.000666269323954845,0.000458643144092365,NaN,,,,,,,,,-0.00450201740066639,-0.00398940047582656,-0.0010804560572899,-0.000893160480689884,NaN,,,,,,,,
SUM,2020,10,daily,BaGall_A11,abs,month,MK,0,0,0,0,0,95,0,0,0,0,0,0,95,0,-0.000886502022493591,-0.00257318293667616,-0.000648451442140589,-0.00476507949109112,-0.00641334684796228,0.00108546273069406,-0.00217365023521898,0.000703812601730345,-0.00109131360311435,-0.000352470290378462,0.000327313670557071,NaN,0.00123320321021713,0.000633806456209609,0.000223878366212745,0.00386023493387949,-0.000716619457783372,-0.00299127008585046,0.00365691179838032,0.000219489679841567,0.00214150343997206,0.000517170058153869,0.0013237646676352,0.00156961253800038,NaN,-0.00112492556851801,-0.00252496001398729,-0.00535488877741104,-0.0049763214348422,-0.0088263004479108,-0.009848018937222,-0.00145907271942943,-0.00528841333184626,-0.000557282833986203,-0.00300097380750927,-0.00214480562611863,-0.000624152800758359,NaN
SUM,2019,10,daily,BaGall_A11,abs,y,MK,0,,,,,,,,,,,,,0.000134992104791028,,,,,,,,,,,,,0.000599526106453185,,,,,,,,,,,,,-0.000290387178221392,,,,,,,,,,,,
SUM,2019,10,daily,BaGall_A11,abs,MetSea,MK,0,0,0,0,0,,,,,,,,,-0.00112353597731218,0.000788845640760939,0,0.000561634787962789,NaN,,,,,,,,,0.000936599126150018,0.0027401164853689,0.000802752112506704,0.00139485562577859,NaN,,,,,,,,,-0.0031606207650436,-0.00126027460231118,-0.00103788895724349,0,NaN,,,,,,,,
SUM,2019,10,daily,BaGall_A11,abs,month,MK,0,0,0,0,0,0,0,0,0,0,0,0,0,0.00109512289924896,6.69273837155133e-05,-0.000588180300861248,0.000747820036229164,-0.00423906089062265,-0.000242969050090273,0.00247307169062848,-0.00120831399078468,0.000346415571428742,-0.00129368768384125,4.04355823607816e-05,0.000618936573881386,NaN,0.00242619039545343,0.00196433468894335,0.00217842496767054,0.00498842824755713,-0.000486810654658227,0.00354678266972433,0.00532109960790198,0.00269616586567228,0.00188634829635385,0.000493991504318245,0.00212265155189491,0.00198487860396127,NaN,0,-0.00142161461892768,-0.00344265537843909,-0.00335372763779523,-0.00822339185994725,-0.00424990081633708,-0.000319552166304308,-0.00573734119349742,-0.000909644704375675,-0.00320289708441061,-0.00161943432985408,-0.000443234197204418,NaN
SUM,2018,10,daily,BaGall_A11,abs,y,MK,0,,,,,,,,,,,,,-6.31951547365564e-05,,,,,,,,,,,,,0.000397220675704952,,,,,,,,,,,,,-0.000558725308467506,,,,,,,,,,,,
SUM,2018,10,daily,BaGall_A11,abs,MetSea,MK,0,0,0,0,0,,,,,,,,,-0.000393314581734719,-0.000903534518222852,-0.000540189956320825,0.00056236804222288,NaN,,,,,,,,,0.00179575150750403,0.000902126231592889,0.000504300032504424,0.00154147251574325,NaN,,,,,,,,,-0.00256338867975504,-0.00290137096933618,-0.00179604780531412,-0.00018538669905508,NaN,,,,,,,,
SUM,2018,10,daily,BaGall_A11,abs,month,MK,0,0,0,0,0,0,0,0,0,0,0,0,0,0.000727142823124921,0.000567039406068474,0.000303276892100679,0.00130767059142474,-0.00380849733001382,-0.00440354819342906,0.000674142465759879,-7.40268714493427e-05,-0.000417367272177091,-0.00150333286804291,0,0.000573256967581038,NaN,0.00235538936534066,0.00243597522420001,0.00330470790912891,0.00528940282913951,0.000456619337495268,-0.000746852734336226,0.00330856383136122,0.00318054123143925,0.00122116118970159,0.000833048598805627,0.00219970112027963,0.00215352950884128,NaN,-0.000729599055866245,-0.00124956827915838,-0.00272779322412619,-0.00281733289576009,-0.00832135967625665,-0.00791734832213029,-0.00216233360960976,-0.00351172838798801,-0.00216722987730577,-0.00392208320693189,-0.00228775025497142,-0.000729053349843895,NaN
SUM,2017,10,daily,BaGall_A11,abs,y,MK,0,,,,,,,,,,,,,-0.000201765788752118,,,,,,,,,,,,,0.000362466925715901,,,,,,,,,,,,,-0.000792097116492291,,,,,,,,,,,,
SUM,2017,10,daily,BaGall_A11,abs,MetSea,MK,0,0,0,0,0,,,,,,,,,-0.000537645258187536,-0.000335752916277501,-0.000677884285657937,0.000333711550351045,NaN,,,,,,,,,0.00196536854790811,0.00168355048133429,0.000577157350265863,0.00156674574843823,NaN,,,,,,,,,-0.00298967953561215,-0.0024044269636858,-0.00209872052400668,-0.000714011462284318,NaN,,,,,,,,
SUM,2017,10,daily,BaGall_A11,abs,month,MK,0,0,0,0,0,0,0,0,0,0,0,0,0,0.000220958477411884,0.00126372441777874,0.000695447945901748,0.00100673190990564,-0.00630898509741868,-0.00484911120246072,0.000610619174046532,0.00155525749899086,-0.000277218212373719,-0.00134273719741664,-0.00108962644961632,0,NaN,0.00226544373118501,0.00376980962409524,0.00404104028982622,0.00550469417982942,-0.000720888532292872,-0.000868844119301557,0.0036333746650304,0.00544630947446783,0.00152225202511413,0.00138923963948861,0.00162832179642481,0.00175007798460864,NaN,-0.00139360374162768,-0.00116701846467254,-0.00275491781878657,-0.00342855656564908,-0.0126946009481789,-0.00861658437090317,-0.00242029081313946,-0.00221462924053503,-0.0022045384312677,-0.00430640817214912,-0.00377506949914979,-0.00205083125889687,NaN
SUM,2016,10,daily,BaGall_A11,abs,y,MK,-1,,,,,,,,,,,,,0.000567522852397312,,,,,,,,,,,,,0.00116584920476931,,,,,,,,,,,,,-3.84653779643725e-05,,,,,,,,,,,,
SUM,2016,10,daily,BaGall_A11,abs,MetSea,MK,0,-1,0,0,0,,,,,,,,,0.00201645656556142,0.00192956488480882,-0.00100043660569542,0.000237324118388475,NaN,,,,,,,,,0.0044076689618608,0.0039343730785925,0.000493531617526333,0.00146483048751974,NaN,,,,,,,,,-0.000373497774836786,-5.76076101763672e-05,-0.00264072518480412,-0.000892402217791072,NaN,,,,,,,,
SUM,2016,10,daily,BaGall_A11,abs,month,MK,0,0,0,0,0,0,0,0,0,0,0,0,0,0.00136275347373021,0.00101626417569364,0.00134378324698256,0.00381528861281908,0.00019573280894168,0.00127086544120899,0.00299678826065483,0.000850019618938242,-0.00036284330152818,-0.00223679987242544,-0.000780726232493272,-0.00137940843597836,NaN,0.00321655972320449,0.00355653429053852,0.00460387732805828,0.0083387458154749,0.00492167265817368,0.00499696464653027,0.00653321480639554,0.00461501621436731,0.00164437625549981,0.000930205207815637,0.00238285699151333,0.000603365438787189,NaN,-0.000377098536220248,-0.0015393790525663,-0.00192086343791228,-0.0009394998625825,-0.00458573444631037,-0.0024078463088458,-0.000715881991491879,-0.00269289700922831,-0.00246292802126198,-0.00567448519663275,-0.00392932360554127,-0.00365739150053925,NaN
SUM,2015,10,daily,BaGall_A11,abs,y,MK,95,,,,,,,,,,,,,0.0012599365143356,,,,,,,,,,,,,0.001828066029896,,,,,,,,,,,,,0.000688378721422368,,,,,,,,,,,,
SUM,2015,10,daily,BaGall_A11,abs,MetSea,MK,-1,95,0,-1,95,,,,,,,,,0.00299722674962819,0.0036882579688429,-0.000342331553352488,0.000218648852326265,NaN,,,,,,,,,0.00547403834169954,0.00581982885085827,0.00140576706923002,0.00141677609803613,NaN,,,,,,,,,0.000516866297960934,0.00160458907664589,-0.0022052293098356,-0.000890139946478785,NaN,,,,,,,,
SUM,2015,10,daily,BaGall_A11,abs,month,MK,-1,0,-1,95,0,-1,95,-1,0,0,0,0,95,0.000686004958579129,0.000460326902187693,0.00215926574435168,0.00736155191154833,-0.00159660030536745,0.00429262685534687,0.00448106862120085,0.0022278348552989,2.96030821120614e-05,-0.0021825075698079,0.00055078777502568,-0.000228335094094186,NaN,0.00266192888108426,0.00274117322028654,0.00549028427260196,0.0124874329638664,0.0031405453530523,0.00817398216852752,0.00792697368946658,0.00628073618074801,0.00281941048269486,0.00140640565481923,0.00382282445797748,0.00169482578676535,NaN,-0.00116755571671186,-0.00170284537194503,-0.000952165230637556,0.00240704597365456,-0.00659281778036294,0.000279517844304624,0.00118458980246799,-0.00115516616975758,-0.0026212817095116,-0.00594692643595814,-0.00283948573060726,-0.00263413714861301,NaN
SUM,2025,10,daily,BbsG20_S11,neph,y,MK,95,,,,,,,,,,,,,0.00513242350064349,,,,,,,,,,,,,0.00631283722999618,,,,,,,,,,,,,0.00396101851282788,,,,,,,,,,,,
SUM,2025,10,daily,BbsG20_S11,neph,MetSea,MK,95,95,95,95,95,,,,,,,,,0.00761090215059086,0.0104542967288514,0.00216135750002039,0.00306166374641483,NaN,,,,,,,,,0.0106950557486631,0.0144858051901213,0.00417533223364319,0.00462394288183442,NaN,,,,,,,,,0.00459940383842908,0.00659564362471008,0.000134061812722798,0.00146844908786903,NaN,,,,,,,,
SUM,2025,10,daily,BbsG20_S11,neph,month,MK,95,95,95,95,95,95,95,-1,95,95,-1,95,95,0.00337342080789528,0.003029803894541,0.00491202595775288,0.00802208998115205,0.00955421937145241,0.00731774787580018,0.0170604199618345,0.00676925352245412,0.00511407101014554,0.00298845173040098,0.00105421217939486,0.00282039138416411,0.00501304848394921,0.00622289062140396,0.00573118994192824,0.00872618440379114,0.0130631108721323,0.0164042602589886,0.0130461367555391,0.0250575903410875,0.0145745622442865,0.0097969907625807,0.00647958067565666,0.00391636550776456,0.00554885889459356,0.00926158758318592,0.000593724391059437,0.000243855334788547,0.00107211880892934,0.00256782960524341,0.002489970169263,0.00179885108119025,0.00932927930901266,-0.00139378338473885,0.000513866535210544,-0.000392115289306948,-0.00173544613385609,3.08703624943139e-05,0.00055379546313499
SUM,2024,10,daily,BsG20_S11,neph,y,MK,95,,,,,,,,,,,,,0.0208632664757406,,,,,,,,,,,,,0.0277839030739757,,,,,,,,,,,,,0.0140364388207426,,,,,,,,,,,,
SUM,2024,10,daily,BsG20_S11,neph,MetSea,MK,95,-1,95,95,95,,,,,,,,,0.0309455806348066,0.0318714990400419,0.0191883944239377,0.0074983026312382,NaN,,,,,,,,,0.0551714284111879,0.0645150717781006,0.0309356762808227,0.0143382052295633,NaN,,,,,,,,,0.00876887760653141,0.00168486113541419,0.00785302166526125,0.000770954183010655,NaN,,,,,,,,
SUM,2024,10,daily,BsG20_S11,neph,month,MK,-1,-1,-1,-1,-1,0,-1,-1,95,95,-1,95,95,0.000858069435748092,0.00538531558737039,0.0131481579136958,0.0306561033644697,0.0395092448940572,-0.0125739518486997,0.0685290200587437,0.041855499459594,0.063415249766349,0.0215858715631318,0.0101142535558025,0.0160765436041716,NaN,0.0122989699478023,0.019021500556924,0.0393398454786247,0.0742723634878238,0.101719059564618,0.0328943197579711,0.130924793051773,0.109939848375229,0.0992887337415579,0.0427056486842718,0.0218676519355653,0.0268254853503063,NaN,-0.0105522285475201,-0.00807088914427656,-0.0113409378107197,-0.00824359895130211,-0.0178887811352644,-0.0586211958964649,0.0104269808804453,-0.0148523062587371,0.0261734437661156,0.00137802635245999,-0.00171005538510151,0.00581919364872755,NaN
SUM,2023,10,daily,BsG20_S11,neph,y,MK,95,,,,,,,,,,,,,0.0165900083359925,,,,,,,,,,,,,0.0238948436608087,,,,,,,,,,,,,0.00927399948381927,,,,,,,,,,,,
SUM,2023,10,daily,BsG20_S11,neph,MetSea,MK,-1,-1,95,95,95,,,,,,,,,0.0168221638658391,0.0364611646145176,0.0112558117786107,0.00738836744047664,NaN,,,,,,,,,0.0417789778959504,0.0717135870041184,0.0236740634278358,0.0136616016540062,NaN,,,,,,,,,-0.00896616185140817,0.00329113973899902,-0.000718007429744094,0.000962749648267856,NaN,,,,,,,,
SUM,2023,10,daily,BsG20_S11,neph,month,MK,-1,-1,-1,0,0,0,95,0,95,-1,-1,95,95,0.003933624310833,0.00512046021183923,0.0217847682622407,-0.0299681822176924,0.0438797942237476,-0.0186068055582112,0.10896239821679,0.05102273335346,0.0525873885016779,0.0152688805078689,0.00360024448169744,0.0148226058494114,NaN,0.0138719254599811,0.0176528151628773,0.0505506411228108,0.0174502121067751,0.116928500026662,0.0261421238350499,0.191892024873916,0.132190548215484,0.0968254104071723,0.0385317842505035,0.0167767392657704,0.0258283182264453,NaN,-0.00636603214530954,-0.00702897751634045,-0.0063346746392242,-0.0772511252318793,-0.0250161400904728,-0.0646795367574641,0.0336061337204486,-0.0160486922986471,0.0107834331850111,-0.00601990167367229,-0.0090804684819122,0.00390193998425558,NaN
SUM,2022,10,daily,BsG20_S11,neph,y,MK,0,,,,,,,,,,,,,0.00267482960521819,,,,,,,,,,,,,0.00833200141224552,,,,,,,,,,,,,-0.00299115612122374,,,,,,,,,,,,
SUM,2022,10,daily,BsG20_S11,neph,MetSea,MK,0,0,0,-1,0,,,,,,,,,-0.00721192915511173,-0.00967789319757251,0.00530394557950293,0.00640190590424147,NaN,,,,,,,,,0.0152133750276256,0.0169748023622543,0.0152667865374929,0.0119873716248979,NaN,,,,,,,,,-0.0296242232762565,-0.03633174597995,-0.00473392241298944,0.000759222550372837,NaN,,,,,,,,
SUM,2022,10,daily,BsG20_S11,neph,month,MK,0,0,0,0,0,0,0,0,95,0,0,0,0,0.00802074367778292,0.000733470654978392,0.00295436517467746,-0.0535869205407768,0.0116806680739627,-0.0390618790966554,0.0149883871418508,0.0146222074741844,0.0411245811758302,0.00399741643425605,-0.0049833123800562,0.0123723317400251,NaN,0.0162376961327049,0.0115134994504275,0.0270390120754132,-0.0079726225325477,0.0653407026555735,-0.00324957492675058,0.0716125168223156,0.0744547369504343,0.0720410970798062,0.021781930315261,0.00682808524309193,0.0236545705694797,NaN,-0.000699491635019808,-0.0109718878906832,-0.0216258747979929,-0.0959818094721549,-0.042048827758406,-0.072806282842874,-0.038794289303307,-0.0419557172422268,0.011364259002124,-0.014222643269441,-0.0164483660390329,0.00142440262298767,NaN
SUM,2021,10,daily,BsG20_S11,neph,y,MK,0,,,,,,,,,,,,,0.00153161295908535,,,,,,,,,,,,,0.00669916512244842,,,,,,,,,,,,,-0.00367086281368544,,,,,,,,,,,,
SUM,2021,10,daily,BsG20_S11,neph,MetSea,MK,0,0,0,0,0,,,,,,,,,-0.0161955452428371,-0.017810174864857,0.0111803928569609,0.00456717925715626,NaN,,,,,,,,,0.00774819496954997,0.013419076918594,0.0237331721400696,0.0100519954158871,NaN,,,,,,,,,-0.0410744254020841,-0.0500912507394539,-0.00109737985268666,-0.00107139036301897,NaN,,,,,,,,
SUM,2021,10,daily,BsG20_S11,neph,month,MK,0,0,0,0,0,95,0,0,95,0,0,0,0,0.00415137235330372,-0.00331538335688737,-0.00704395360923194,-0.0393724667488218,-0.0137649079948361,-0.0617858112967644,0.0301907960190674,-0.0229756725637611,0.0508758436712775,0.010371046699108,-0.00137452117904922,0.0119858507040221,NaN,0.0124681811171481,0.0084987141823871,0.0215303123397712,0.0093148513638013,0.0405868592346585,-0.0140801637903946,0.0771768844643448,0.0510491946453616,0.0866029125655112,0.0327864079397466,0.0132625320341786,0.0212505564619604,NaN,-0.00458915806079503,-0.0168456126808658,-0.0364617373307414,-0.0845007906328749,-0.0675820225933124,-0.107224420870349,-0.0176289504621139,-0.10978956736337,0.0150057489919206,-0.0117651285536795,-0.0164598408501466,0.0026520024680763,NaN
SUM,2024,10,daily,BaGall_A11,abs,y,MK,0,,,,,,,,,,,,,8.66893077874354e-05,,,,,,,,,,,,,0.000562756100207096,,,,,,,,,,,,,-0.000302887010760418,,,,,,,,,,,,
SUM,2024,10,daily,BaGall_A11,abs,MetSea,MK,0,0,95,0,0,,,,,,,,,0.000600701705471875,-0.0010005616967232,0.00146824189893914,0,NaN,,,,,,,,,0.00237217080273962,0.00073237872983767,0.00244308900965577,0.000333375883361758,NaN,,,,,,,,,-0.00108193052784793,-0.00272743592887622,0.00046924064891346,-0.000673662908677916,NaN,,,,,,,,
SUM,2024,10,daily,BaGall_A11,abs,month,MK,0,0,0,0,0,95,0,0,95,0,0,0,0,-0.000607881512581244,0,0.00045366977639015,0.000713135294542029,-0.0011083617204669,-0.00389057749981343,0.0017995666080708,0.000506099069456671,0.00343066043454339,0.00191838267679132,0,0.000402703225275072,NaN,7.58430499054979e-05,0.00109559577164847,0.00236889973888067,0.0041730072288938,0.00280318123896188,-0.00133555293235893,0.00549878103684936,0.003693112526871,0.00527647012027879,0.00371682967186306,0.00127507647036366,0.00154225724578174,NaN,-0.00180310577043344,-0.00109133824685565,-0.0012383591374436,-0.00268562409849957,-0.00504533356895864,-0.00653808648525166,-0.00208192933422685,-0.00230623560458566,0.00153334879003639,1.58384174430171e-05,-0.00124238482194137,-0.000504017848525672,NaN
SUM,2023,10,daily,BaGall_A11,abs,y,MK,0,,,,,,,,,,,,,-0.00028618474345277,,,,,,,,,,,,,0.000129883996174137,,,,,,,,,,,,,-0.000785713484945169,,,,,,,,,,,,
SUM,2023,10,daily,BaGall_A11,abs,MetSea,MK,0,0,0,0,0,,,,,,,,,-0.000522279089935838,-0.00117031568140341,0.000529049231305844,-0.000255388606674243,NaN,,,,,,,,,0.00150945977849786,0.00061030221356314,0.00156435207718203,0.000113526636421498,NaN,,,,,,,,,-0.00256918086676984,-0.00304277977933238,-0.000267202974375071,-0.00101517015114092,NaN,,,,,,,,
SUM,2023,10,daily,BaGall_A11,abs,month,MK,0,0,0,0,0,0,0,0,0,0,0,0,0,-0.000421740950909832,-0.000609884484464188,0.0006110619009595,-0.00382934914827524,-0.000870029396752398,-0.00323488281842556,0.000832920503490979,0.000221323321243469,0.00179139910362524,0.000964180535929678,-0.000223237608542181,0.000259351734299494,NaN,0.000313598040756175,0.000405366510545529,0.00278640980512076,0.000357354562333128,0.00414423336274141,-0.000517277929221284,0.0049404615345785,0.00356304449388555,0.00384806815979418,0.00271627885528021,0.000953251313490123,0.00161534170939586,NaN,-0.00159668853281754,-0.00194565341601648,-0.00149172760807728,-0.00809066250657046,-0.00564227787593554,-0.00593113146433074,-0.00323205994636422,-0.00282292136780896,0,-0.000821258986129804,-0.0018121471376875,-0.000840194844416442,NaN
SUM,2022,10,daily,BaGall_A11,abs,y,MK,95,,,,,,,,,,,,,-0.000841834589351355,,,,,,,,,,,,,-0.000372604678780079,,,,,,,,,,,,,-0.00130772927567068,,,,,,,,,,,,
SUM,2022,10,daily,BaGall_A11,abs,MetSea,MK,-1,95,0,-1,95,,,,,,,,,-0.00113438087164029,-0.00335974793861353,0.000119674586600448,-0.000121041864925259,NaN,,,,,,,,,0.000797810016369215,-0.00158857282858681,0.00111789953961307,0.000253410631045644,NaN,,,,,,,,,-0.00313929929609242,-0.00510938445749321,-0.000607812511442112,-0.000901161798020013,NaN,,,,,,,,
SUM,2022,10,daily,BaGall_A11,abs,month,MK,-1,-1,0,95,0,95,-1,0,0,0,-1,0,95,-0.000190236796587365,-0.000553228805381847,-0.000564191922471008,-0.00520759889152047,0.000572973572394372,-0.0041322796868886,-0.00357925046454738,-0.000949094961438959,0.00192106865232201,0.00011967458660045,-0.00102611024672572,0.00035869373118168,NaN,0.000582575305052347,0.000591345697379529,0.00160490921358001,-0.000831102587178132,0.00532118266517824,-0.00173964634331442,0.000119674586600591,0.0020833036959808,0.00372733116240182,0.00195689088518344,0.000179094684055071,0.00180218749901307,NaN,-0.00126354789886727,-0.00192601015144689,-0.00283375829452331,-0.00955264725530558,-0.00385667067641524,-0.00662007044552437,-0.00734203409698065,-0.00415329604538662,0.000119674586600447,-0.0014967751655237,-0.00253780325556625,-0.000819535009044725,NaN
SUM,2021,10,daily,BaGall_A11,abs,y,MK,95,,,,,,,,,,,,,-0.000950862162781792,,,,,,,,,,,,,-0.000496656857009214,,,,,,,,,,,,,-0.00141510646565815,,,,,,,,,,,,
SUM,2021,10,daily,BaGall_A11,abs,MetSea,MK,-1,95,0,-1,95,,,,,,,,,-0.00148361429113467,-0.00360581348110703,0.000151086507384947,-0.00024735785626308,NaN,,,,,,,,,0.000627122393947149,-0.00159820077004266,0.00122421926818629,0.000151086507384946,NaN,,,,,,,,,-0.00363866691406561,-0.00568583056392003,-0.000664561772084223,-0.000960089364582176,NaN,,,,,,,,
SUM,2021,10,daily,BaGall_A11,abs,month,MK,-1,-1,0,0,0,95,0,0,0,0,-1,0,95,-0.000433855642838931,-0.000951372288074065,-0.000677643127345825,-0.00323167702655596,-0.00195476664089958,-0.00550536231393878,-0.00119875683522864,-0.00294628179119842,0.00162611800801581,0.000151086507384945,-0.000673103644169924,0.000432982013039893,NaN,0.000171981204942849,0.000151086507384956,0.00182319822456819,0.00130446510455134,0.00241245175333985,-0.00247050739263662,0.00222213862045949,0.000813291556518809,0.00368698189551352,0.00195172602698404,0.00083515746129335,0.00169879888294945,NaN,-0.00146572426871585,-0.00247308014984732,-0.00330217589609986,-0.0077968978801443,-0.00612415389034876,-0.00861815251786314,-0.00470803017535091,-0.00712531075546378,-2.21333274367125e-05,-0.00177577855587248,-0.00235111475957418,-0.000581117806492275,NaN
SUM,2020,10,daily,BaGall_A11,abs,y,MK,95,,,,,,,,,,,,,-0.000604670603487969,,,,,,,,,,,,,-0.000152022362434261,,,,,,,,,,,,,-0.0010547102577325,,,,,,,,,,,,
SUM,2020,10,daily,BaGall_A11,abs,MetSea,MK,95,0,0,0,95,,,,,,,,,-0.00241080898255355,-0.00214056344635567,-3.82496361838934e-05,0,NaN,,,,,,,,,-0.0002832859850338,-0.000397146341556438,0.000666269323954845,0.000458643144092365,NaN,,,,,,,,,-0.00450201740066639,-0.00398940047582656,-0.0010804560572899,-0.000893160480689884,NaN,,,,,,,,
SUM,2020,10,daily,BaGall_A11,abs,month,MK,0,0,0,0,0,95,0,0,0,0,0,0,95,0,-0.000886502022493591,-0.00257318293667616,-0.000648451442140589,-0.00476507949109112,-0.00641334684796228,0.00108546273069406,-0.00217365023521898,0.000703812601730345,-0.00109131360311435,-0.000352470290378462,0.000327313670557071,NaN,0.00123320321021713,0.000633806456209609,0.000223878366212745,0.00386023493387949,-0.000716619457783372,-0.00299127008585046,0.00365691179838032,0.000219489679841567,0.00214150343997206,0.000517170058153869,0.0013237646676352,0.00156961253800038,NaN,-0.00112492556851801,-0.00252496001398729,-0.00535488877741104,-0.0049763214348422,-0.0088263004479108,-0.009848018937222,-0.00145907271942943,-0.00528841333184626,-0.000557282833986203,-0.00300097380750927,-0.00214480562611863,-0.000624152800758359,NaN
SUM,2019,10,daily,BaGall_A11,abs,y,MK,0,,,,,,,,,,,,,0.000134992104791028,,,,,,,,,,,,,0.000599526106453185,,,,,,,,,,,,,-0.000290387178221392,,,,,,,,,,,,
SUM,2019,10,daily,BaGall_A11,abs,MetSea,MK,0,0,0,0,0,,,,,,,,,-0.00112353597731218,0.000788845640760939,0,0.000561634787962789,NaN,,,,,,,,,0.000936599126150018,0.0027401164853689,0.000802752112506704,0.00139485562577859,NaN,,,,,,,,,-0.0031606207650436,-0.00126027460231118,-0.00103788895724349,0,NaN,,,,,,,,
SUM,2019,10,daily,BaGall_A11,abs,month,MK,0,0,0,0,0,0,0,0,0,0,0,0,0,0.00109512289924896,6.69273837155133e-05,-0.000588180300861248,0.000747820036229164,-0.00423906089062265,-0.000242969050090273,0.00247307169062848,-0.00120831399078468,0.000346415571428742,-0.00129368768384125,4.04355823607816e-05,0.000618936573881386,NaN,0.00242619039545343,0.00196433468894335,0.00217842496767054,0.00498842824755713,-0.000486810654658227,0.00354678266972433,0.00532109960790198,0.00269616586567228,0.00188634829635385,0.000493991504318245,0.00212265155189491,0.00198487860396127,NaN,0,-0.00142161461892768,-0.00344265537843909,-0.00335372763779523,-0.00822339185994725,-0.00424990081633708,-0.000319552166304308,-0.00573734119349742,-0.000909644704375675,-0.00320289708441061,-0.00161943432985408,-0.000443234197204418,NaN
SUM,2018,10,daily,BaGall_A11,abs,y,MK,0,,,,,,,,,,,,,-6.31951547365564e-05,,,,,,,,,,,,,0.000397220675704952,,,,,,,,,,,,,-0.000558725308467506,,,,,,,,,,,,
SUM,2018,10,daily,BaGall_A11,abs,MetSea,MK,0,0,0,0,0,,,,,,,,,-0.000393314581734719,-0.000903534518222852,-0.000540189956320825,0.00056236804222288,NaN,,,,,,,,,0.00179575150750403,0.000902126231592889,0.000504300032504424,0.00154147251574325,NaN,,,,,,,,,-0.00256338867975504,-0.00290137096933618,-0.00179604780531412,-0.00018538669905508,NaN,,,,,,,,
SUM,2018,10,daily,BaGall_A11,abs,month,MK,0,0,0,0,0,0,0,0,0,0,0,0,0,0.000727142823124921,0.000567039406068474,0.000303276892100679,0.00130767059142474,-0.00380849733001382,-0.00440354819342906,0.000674142465759879,-7.40268714493427e-05,-0.000417367272177091,-0.00150333286804291,0,0.000573256967581038,NaN,0.00235538936534066,0.00243597522420001,0.00330470790912891,0.00528940282913951,0.000456619337495268,-0.000746852734336226,0.00330856383136122,0.00318054123143925,0.00122116118970159,0.000833048598805627,0.00219970112027963,0.00215352950884128,NaN,-0.000729599055866245,-0.00124956827915838,-0.00272779322412619,-0.00281733289576009,-0.00832135967625665,-0.00791734832213029,-0.00216233360960976,-0.00351172838798801,-0.00216722987730577,-0.00392208320693189,-0.00228775025497142,-0.000729053349843895,NaN
SUM,2017,10,daily,BaGall_A11,abs,y,MK,0,,,,,,,,,,,,,-0.000201765788752118,,,,,,,,,,,,,0.000362466925715901,,,,,,,,,,,,,-0.000792097116492291,,,,,,,,,,,,
SUM,2017,10,daily,BaGall_A11,abs,MetSea,MK,0,0,0,0,0,,,,,,,,,-0.000537645258187536,-0.000335752916277501,-0.000677884285657937,0.000333711550351045,NaN,,,,,,,,,0.00196536854790811,0.00168355048133429,0.000577157350265863,0.00156674574843823,NaN,,,,,,,,,-0.00298967953561215,-0.0024044269636858,-0.00209872052400668,-0.000714011462284318,NaN,,,,,,,,
SUM,2017,10,daily,BaGall_A11,abs,month,MK,0,0,0,0,0,0,0,0,0,0,0,0,0,0.000220958477411884,0.00126372441777874,0.000695447945901748,0.00100673190990564,-0.00630898509741868,-0.00484911120246072,0.000610619174046532,0.00155525749899086,-0.000277218212373719,-0.00134273719741664,-0.00108962644961632,0,NaN,0.00226544373118501,0.00376980962409524,0.00404104028982622,0.00550469417982942,-0.000720888532292872,-0.000868844119301557,0.0036333746650304,0.00544630947446783,0.00152225202511413,0.00138923963948861,0.00162832179642481,0.00175007798460864,NaN,-0.00139360374162768,-0.00116701846467254,-0.00275491781878657,-0.00342855656564908,-0.0126946009481789,-0.00861658437090317,-0.00242029081313946,-0.00221462924053503,-0.0022045384312677,-0.00430640817214912,-0.00377506949914979,-0.00205083125889687,NaN
SUM,2016,10,daily,BaGall_A11,abs,y,MK,-1,,,,,,,,,,,,,0.000567522852397312,,,,,,,,,,,,,0.00116584920476931,,,,,,,,,,,,,-3.84653779643725e-05,,,,,,,,,,,,
SUM,2016,10,daily,BaGall_A11,abs,MetSea,MK,0,-1,0,0,0,,,,,,,,,0.00201645656556142,0.00192956488480882,-0.00100043660569542,0.000237324118388475,NaN,,,,,,,,,0.0044076689618608,0.0039343730785925,0.000493531617526333,0.00146483048751974,NaN,,,,,,,,,-0.000373497774836786,-5.76076101763672e-05,-0.00264072518480412,-0.000892402217791072,NaN,,,,,,,,
SUM,2016,10,daily,BaGall_A11,abs,month,MK,0,0,0,0,0,0,0,0,0,0,0,0,0,0.00136275347373021,0.00101626417569364,0.00134378324698256,0.00381528861281908,0.00019573280894168,0.00127086544120899,0.00299678826065483,0.000850019618938242,-0.00036284330152818,-0.00223679987242544,-0.000780726232493272,-0.00137940843597836,NaN,0.00321655972320449,0.00355653429053852,0.00460387732805828,0.0083387458154749,0.00492167265817368,0.00499696464653027,0.00653321480639554,0.00461501621436731,0.00164437625549981,0.000930205207815637,0.00238285699151333,0.000603365438787189,NaN,-0.000377098536220248,-0.0015393790525663,-0.00192086343791228,-0.0009394998625825,-0.00458573444631037,-0.0024078463088458,-0.000715881991491879,-0.00269289700922831,-0.00246292802126198,-0.00567448519663275,-0.00392932360554127,-0.00365739150053925,NaN
SUM,2015,10,daily,BaGall_A11,abs,y,MK,95,,,,,,,,,,,,,0.0012599365143356,,,,,,,,,,,,,0.001828066029896,,,,,,,,,,,,,0.000688378721422368,,,,,,,,,,,,
SUM,2015,10,daily,BaGall_A11,abs,MetSea,MK,-1,95,0,-1,95,,,,,,,,,0.00299722674962819,0.0036882579688429,-0.000342331553352488,0.000218648852326265,NaN,,,,,,,,,0.00547403834169954,0.00581982885085827,0.00140576706923002,0.00141677609803613,NaN,,,,,,,,,0.000516866297960934,0.00160458907664589,-0.0022052293098356,-0.000890139946478785,NaN,,,,,,,,
SUM,2015,10,daily,BaGall_A11,abs,month,MK,-1,0,-1,95,0,-1,95,-1,0,0,0,0,95,0.000686004958579129,0.000460326902187693,0.00215926574435168,0.00736155191154833,-0.00159660030536745,0.00429262685534687,0.00448106862120085,0.0022278348552989,2.96030821120614e-05,-0.0021825075698079,0.00055078777502568,-0.000228335094094186,NaN,0.00266192888108426,0.00274117322028654,0.00549028427260196,0.0124874329638664,0.0031405453530523,0.00817398216852752,0.00792697368946658,0.00628073618074801,0.00281941048269486,0.00140640565481923,0.00382282445797748,0.00169482578676535,NaN,-0.00116755571671186,-0.00170284537194503,-0.000952165230637556,0.00240704597365456,-0.00659281778036294,0.000279517844304624,0.00118458980246799,-0.00115516616975758,-0.0026212817095116,-0.00594692643595814,-0.00283948573060726,-0.00263413714861301,NaN
SUM,2024,10,daily,BbsG20_S11,neph,y,MK,95,,,,,,,,,,,,,0.00708284273793016,,,,,,,,,,,,,0.00845016022347816,,,,,,,,,,,,,0.00572775948542106,,,,,,,,,,,,
SUM,2024,10,daily,BbsG20_S11,neph,MetSea,MK,95,95,95,95,95,,,,,,,,,0.00877695396281535,0.00801262340483187,0.00598868781527479,0.00435905184932232,NaN,,,,,,,,,0.0129860721144285,0.0128750651527406,0.00851225296028538,0.00640290462705694,NaN,,,,,,,,,0.00464111473430527,0.00340173477587066,0.0034132371764624,0.00232741562708759,NaN,,,,,,,,
SUM,2024,10,daily,BbsG20_S11,neph,month,MK,-1,95,-1,95,95,-1,95,95,95,95,95,95,95,0.00245487534980562,0.00272721104154332,0.00523776073950188,0.00846724637932652,0.0119881756847665,0.00074194774973278,0.0140124572172252,0.00904586733920278,0.0108753774894256,0.00810091731685601,0.00307258074950981,0.00720863198521933,NaN,0.00668241521078886,0.00632592773019931,0.0107689912347092,0.0150826253540944,0.0204698552072018,0.00819616075426123,0.0231623786901255,0.0182896094121245,0.0172562447944122,0.0120223991989855,0.00665103496275004,0.0102989333795647,NaN,-0.00160585662515096,-0.000797179502600411,-0.000249519618596059,0.00120824930556388,0.00210327000438355,-0.00606171745254471,0.00538364541939704,0.000651140903441762,0.00504056940512126,0.00407739066828146,-0.000415285623918852,0.00420538638907414,NaN
SUM,2023,10,daily,BbsG20_S11,neph,y,MK,95,,,,,,,,,,,,,0.00665078538053884,,,,,,,,,,,,,0.00809379310234428,,,,,,,,,,,,,0.00522210564502255,,,,,,,,,,,,
SUM,2023,10,daily,BbsG20_S11,neph,MetSea,MK,95,95,95,95,95,,,,,,,,,0.00621897535733452,0.00914381222916774,0.00458071275420763,0.00406505394113207,NaN,,,,,,,,,0.0104400147994957,0.0142917582237725,0.00746567303145302,0.00601751635586694,NaN,,,,,,,,,0.00212698935617568,0.00404371069892292,0.00174633944643456,0.00215327980606456,NaN,,,,,,,,
SUM,2023,10,daily,BbsG20_S11,neph,month,MK,95,95,95,-1,95,-1,95,95,95,95,-1,95,95,0.00233523179777674,0.0035655132734897,0.00642429596271707,-0.0018440475575793,0.0133982467079458,0.00114827664801664,0.0197740155537858,0.0112834398665057,0.0112738231668901,0.00693299240261006,0.000592483603850454,0.00673652974614109,NaN,0.00569369565408129,0.00692599759773985,0.0117686566496946,0.00534439045634787,0.022894611382701,0.00828247801288869,0.0318934573451387,0.021605311821369,0.01859792825476,0.0113770565732349,0.00453809739740207,0.0102867902894659,NaN,-0.000790303886628992,0.000231410470152769,0.00117768565811046,-0.00901670162700442,0.00283519988536087,-0.00569144193121965,0.00830946341361122,0.00156228279972206,0.00442071827774211,0.00253443144288044,-0.00340606486229723,0.00347626271193191,NaN
SUM,2022,10,daily,BbsG20_S11,neph,y,MK,95,,,,,,,,,,,,,0.00474381094041661,,,,,,,,,,,,,0.00586766401400972,,,,,,,,,,,,,0.0036227849882134,,,,,,,,,,,,
SUM,2022,10,daily,BbsG20_S11,neph,MetSea,MK,-1,-1,95,95,95,,,,,,,,,0.0029810697971039,0.00267708412570299,0.00359546892508605,0.00403668303401515,NaN,,,,,,,,,0.00654986543625121,0.00678577275077373,0.00598443339809654,0.00576378707326067,NaN,,,,,,,,,-0.000569615761910211,-0.00134534693289973,0.00132168801829452,0.0023204515838873,NaN,,,,,,,,
SUM,2022,10,daily,BbsG20_S11,neph,month,MK,95,95,-1,0,95,-1,-1,-1,95,95,-1,95,95,0.00328040550826401,0.00316352823183126,0.00361565306640916,-0.00444642149756195,0.00795262948768817,-0.00140252389635485,0.00565919442447864,0.00770191564726157,0.0100817447784859,0.00479274874258976,-0.000432581066824567,0.00677056631863461,NaN,0.00617930823480676,0.00620814142579262,0.00810151146199071,0.00250234777795041,0.0157995398335929,0.00409930963262632,0.0155944595519144,0.0165031927290213,0.0157733565527683,0.00834078811038255,0.00287000163488736,0.010000902124153,NaN,0.000551719262312227,-8.46391661601604e-06,-0.000788438850325065,-0.0112504345862064,0.000363284435641631,-0.00669357574439402,-0.0032767081711335,-0.000853356773457214,0.00438622258265609,0.00107896929610809,-0.00356982130171026,0.00359704455769532,NaN
SUM,2021,10,daily,BbsG20_S11,neph,y,MK,95,,,,,,,,,,,,,0.00399144864193644,,,,,,,,,,,,,0.00496706872450497,,,,,,,,,,,,,0.0030168601192876,,,,,,,,,,,,
SUM,2021,10,daily,BbsG20_S11,neph,MetSea,MK,-1,-1,95,95,95,,,,,,,,,0.00100242231045944,0.000702391671076066,0.00479886253769451,0.00280220927641381,NaN,,,,,,,,,0.0046691294111791,0.0049596816241477,0.00727083943586363,0.00440436226437304,NaN,,,,,,,,,-0.00254427366267784,-0.00343815317902366,0.00232373533448345,0.00125726324199143,NaN,,,,,,,,
SUM,2021,10,daily,BbsG20_S11,neph,month,MK,-1,-1,-1,0,-1,0,-1,0,95,95,-1,95,95,0.00225672631415196,0.00130947042333379,0.00226157900718634,-0.0023517775138552,0.00217831793314779,-0.00422816880511868,0.00667540659650915,0.000661565269675095,0.0114226088935939,0.0056936612739472,0.00118085926726997,0.00541563644152881,NaN,0.00481719368702881,0.00436064651464706,0.00665023403565634,0.00475042215786284,0.00915858935151959,0.00189814052991295,0.013696169430678,0.0103684050736468,0.0173098965917542,0.00945099974152386,0.00443725672632249,0.0080843873395781,NaN,-0.000407822405917875,-0.00163555301802512,-0.00252604237081625,-0.00924201898045165,-0.00499885099742848,-0.0109738401601301,-0.000222084352600727,-0.00901323997433294,0.00552283541967197,0.00154817555567053,-0.00216750869124003,0.00233891046928251,NaN
SUM,2025,10,daily,expS_bg,neph,y,MK,95,,,,,,,,,,,,,-0.0585207192279809,,,,,,,,,,,,,-0.0497965329910886,,,,,,,,,,,,,-0.0673905127498813,,,,,,,,,,,,
SUM,2025,10,daily,expS_bg,neph,MetSea,MK,95,95,95,95,95,,,,,,,,,-0.0399952014526703,-0.0344378013961732,-0.083567258591048,-0.114467539558282,NaN,,,,,,,,,-0.0271483894034615,-0.0239759616643165,-0.0608989499050213,-0.0861736965227893,NaN,,,,,,,,,-0.0530484945654822,-0.0452096239966748,-0.107035682448326,-0.142338365586383,NaN,,,,,,,,
SUM,2025,10,daily,expS_bg,neph,month,MK,95,95,95,95,-1,95,95,95,95,95,95,95,95,-0.137842949671134,-0.0742485183497879,-0.0501971929838016,-0.0568160298190609,-0.0170660318363386,-0.0244691101452387,-0.0372067745583173,-0.032565206506888,-0.0449894787203615,-0.0606859664924633,-0.157590048455496,-0.142437958872553,NaN,-0.0835902797532183,-0.0256637199928942,-0.0200216953353107,-0.0358814665600778,-0.000488808795294356,-0.00486345942145453,-0.0216077241020432,-0.0099116347656535,-0.0168791742527034,-0.019874158453432,-0.105257692325921,-0.0944822820144878,NaN,-0.19208190238888,-0.119563990407439,-0.0810284487473771,-0.0779508022227583,-0.035266559019162,-0.0436965108020851,-0.0535817019550049,-0.0538216220172961,-0.0753609982616496,-0.104302250962559,-0.206695553599188,-0.191553004008991,NaN
SUM,2024,10,daily,BsG20_S11,neph,y,MK,95,,,,,,,,,,,,,0.0208632664757406,,,,,,,,,,,,,0.0277839030739757,,,,,,,,,,,,,0.0140364388207426,,,,,,,,,,,,
SUM,2024,10,daily,BsG20_S11,neph,MetSea,MK,95,-1,95,95,95,,,,,,,,,0.0309455806348066,0.0318714990400419,0.0191883944239377,0.0074983026312382,NaN,,,,,,,,,0.0551714284111879,0.0645150717781006,0.0309356762808227,0.0143382052295633,NaN,,,,,,,,,0.00876887760653141,0.00168486113541419,0.00785302166526125,0.000770954183010655,NaN,,,,,,,,
SUM,2024,10,daily,BsG20_S11,neph,month,MK,-1,-1,-1,-1,-1,0,-1,-1,95,95,-1,95,95,0.000858069435748092,0.00538531558737039,0.0131481579136958,0.0306561033644697,0.0395092448940572,-0.0125739518486997,0.0685290200587437,0.041855499459594,0.063415249766349,0.0215858715631318,0.0101142535558025,0.0160765436041716,NaN,0.0122989699478023,0.019021500556924,0.0393398454786247,0.0742723634878238,0.101719059564618,0.0328943197579711,0.130924793051773,0.109939848375229,0.0992887337415579,0.0427056486842718,0.0218676519355653,0.0268254853503063,NaN,-0.0105522285475201,-0.00807088914427656,-0.0113409378107197,-0.00824359895130211,-0.0178887811352644,-0.0586211958964649,0.0104269808804453,-0.0148523062587371,0.0261734437661156,0.00137802635245999,-0.00171005538510151,0.00581919364872755,NaN
SUM,2023,10,daily,BsG20_S11,neph,y,MK,95,,,,,,,,,,,,,0.0165900083359925,,,,,,,,,,,,,0.0238948436608087,,,,,,,,,,,,,0.00927399948381927,,,,,,,,,,,,
SUM,2023,10,daily,BsG20_S11,neph,MetSea,MK,-1,-1,95,95,95,,,,,,,,,0.0168221638658391,0.0364611646145176,0.0112558117786107,0.00738836744047664,NaN,,,,,,,,,0.0417789778959504,0.0717135870041184,0.0236740634278358,0.0136616016540062,NaN,,,,,,,,,-0.00896616185140817,0.00329113973899902,-0.000718007429744094,0.000962749648267856,NaN,,,,,,,,
SUM,2023,10,daily,BsG20_S11,neph,month,MK,-1,-1,-1,0,0,0,95,0,95,-1,-1,95,95,0.003933624310833,0.00512046021183923,0.0217847682622407,-0.0299681822176924,0.0438797942237476,-0.0186068055582112,0.10896239821679,0.05102273335346,0.0525873885016779,0.0152688805078689,0.00360024448169744,0.0148226058494114,NaN,0.0138719254599811,0.0176528151628773,0.0505506411228108,0.0174502121067751,0.116928500026662,0.0261421238350499,0.191892024873916,0.132190548215484,0.0968254104071723,0.0385317842505035,0.0167767392657704,0.0258283182264453,NaN,-0.00636603214530954,-0.00702897751634045,-0.0063346746392242,-0.0772511252318793,-0.0250161400904728,-0.0646795367574641,0.0336061337204486,-0.0160486922986471,0.0107834331850111,-0.00601990167367229,-0.0090804684819122,0.00390193998425558,NaN
SUM,2022,10,daily,BsG20_S11,neph,y,MK,0,,,,,,,,,,,,,0.00267482960521819,,,,,,,,,,,,,0.00833200141224552,,,,,,,,,,,,,-0.00299115612122374,,,,,,,,,,,,
SUM,2022,10,daily,BsG20_S11,neph,MetSea,MK,0,0,0,-1,0,,,,,,,,,-0.00721192915511173,-0.00967789319757251,0.00530394557950293,0.00640190590424147,NaN,,,,,,,,,0.0152133750276256,0.0169748023622543,0.0152667865374929,0.0119873716248979,NaN,,,,,,,,,-0.0296242232762565,-0.03633174597995,-0.00473392241298944,0.000759222550372837,NaN,,,,,,,,
SUM,2022,10,daily,BsG20_S11,neph,month,MK,0,0,0,0,0,0,0,0,95,0,0,0,0,0.00802074367778292,0.000733470654978392,0.00295436517467746,-0.0535869205407768,0.0116806680739627,-0.0390618790966554,0.0149883871418508,0.0146222074741844,0.0411245811758302,0.00399741643425605,-0.0049833123800562,0.0123723317400251,NaN,0.0162376961327049,0.0115134994504275,0.0270390120754132,-0.0079726225325477,0.0653407026555735,-0.00324957492675058,0.0716125168223156,0.0744547369504343,0.0720410970798062,0.021781930315261,0.00682808524309193,0.0236545705694797,NaN,-0.000699491635019808,-0.0109718878906832,-0.0216258747979929,-0.0959818094721549,-0.042048827758406,-0.072806282842874,-0.038794289303307,-0.0419557172422268,0.011364259002124,-0.014222643269441,-0.0164483660390329,0.00142440262298767,NaN
SUM,2021,10,daily,BsG20_S11,neph,y,MK,0,,,,,,,,,,,,,0.00153161295908535,,,,,,,,,,,,,0.00669916512244842,,,,,,,,,,,,,-0.00367086281368544,,,,,,,,,,,,
SUM,2021,10,daily,BsG20_S11,neph,MetSea,MK,0,0,0,0,0,,,,,,,,,-0.0161955452428371,-0.017810174864857,0.0111803928569609,0.00456717925715626,NaN,,,,,,,,,0.00774819496954997,0.013419076918594,0.0237331721400696,0.0100519954158871,NaN,,,,,,,,,-0.0410744254020841,-0.0500912507394539,-0.00109737985268666,-0.00107139036301897,NaN,,,,,,,,
SUM,2021,10,daily,BsG20_S11,neph,month,MK,0,0,0,0,0,95,0,0,95,0,0,0,0,0.00415137235330372,-0.00331538335688737,-0.00704395360923194,-0.0393724667488218,-0.0137649079948361,-0.0617858112967644,0.0301907960190674,-0.0229756725637611,0.0508758436712775,0.010371046699108,-0.00137452117904922,0.0119858507040221,NaN,0.0124681811171481,0.0084987141823871,0.0215303123397712,0.0093148513638013,0.0405868592346585,-0.0140801637903946,0.0771768844643448,0.0510491946453616,0.0866029125655112,0.0327864079397466,0.0132625320341786,0.0212505564619604,NaN,-0.00458915806079503,-0.0168456126808658,-0.0364617373307414,-0.0845007906328749,-0.0675820225933124,-0.107224420870349,-0.0176289504621139,-0.10978956736337,0.0150057489919206,-0.0117651285536795,-0.0164598408501466,0.0026520024680763,NaN
SUM,2024,10,daily,BaGall_A11,abs,y,MK,0,,,,,,,,,,,,,8.66893077874354e-05,,,,,,,,,,,,,0.000562756100207096,,,,,,,,,,,,,-0.000302887010760418,,,,,,,,,,,,
SUM,2024,10,daily,BaGall_A11,abs,MetSea,MK,0,0,95,0,0,,,,,,,,,0.000600701705471875,-0.0010005616967232,0.00146824189893914,0,NaN,,,,,,,,,0.00237217080273962,0.00073237872983767,0.00244308900965577,0.000333375883361758,NaN,,,,,,,,,-0.00108193052784793,-0.00272743592887622,0.00046924064891346,-0.000673662908677916,NaN,,,,,,,,
SUM,2024,10,daily,BaGall_A11,abs,month,MK,0,0,0,0,0,95,0,0,95,0,0,0,0,-0.000607881512581244,0,0.00045366977639015,0.000713135294542029,-0.0011083617204669,-0.00389057749981343,0.0017995666080708,0.000506099069456671,0.00343066043454339,0.00191838267679132,0,0.000402703225275072,NaN,7.58430499054979e-05,0.00109559577164847,0.00236889973888067,0.0041730072288938,0.00280318123896188,-0.00133555293235893,0.00549878103684936,0.003693112526871,0.00527647012027879,0.00371682967186306,0.00127507647036366,0.00154225724578174,NaN,-0.00180310577043344,-0.00109133824685565,-0.0012383591374436,-0.00268562409849957,-0.00504533356895864,-0.00653808648525166,-0.00208192933422685,-0.00230623560458566,0.00153334879003639,1.58384174430171e-05,-0.00124238482194137,-0.000504017848525672,NaN
SUM,2023,10,daily,BaGall_A11,abs,y,MK,0,,,,,,,,,,,,,-0.00028618474345277,,,,,,,,,,,,,0.000129883996174137,,,,,,,,,,,,,-0.000785713484945169,,,,,,,,,,,,
SUM,2023,10,daily,BaGall_A11,abs,MetSea,MK,0,0,0,0,0,,,,,,,,,-0.000522279089935838,-0.00117031568140341,0.000529049231305844,-0.000255388606674243,NaN,,,,,,,,,0.00150945977849786,0.00061030221356314,0.00156435207718203,0.000113526636421498,NaN,,,,,,,,,-0.00256918086676984,-0.00304277977933238,-0.000267202974375071,-0.00101517015114092,NaN,,,,,,,,
SUM,2023,10,daily,BaGall_A11,abs,month,MK,0,0,0,0,0,0,0,0,0,0,0,0,0,-0.000421740950909832,-0.000609884484464188,0.0006110619009595,-0.00382934914827524,-0.000870029396752398,-0.00323488281842556,0.000832920503490979,0.000221323321243469,0.00179139910362524,0.000964180535929678,-0.000223237608542181,0.000259351734299494,NaN,0.000313598040756175,0.000405366510545529,0.00278640980512076,0.000357354562333128,0.00414423336274141,-0.000517277929221284,0.0049404615345785,0.00356304449388555,0.00384806815979418,0.00271627885528021,0.000953251313490123,0.00161534170939586,NaN,-0.00159668853281754,-0.00194565341601648,-0.00149172760807728,-0.00809066250657046,-0.00564227787593554,-0.00593113146433074,-0.00323205994636422,-0.00282292136780896,0,-0.000821258986129804,-0.0018121471376875,-0.000840194844416442,NaN
SUM,2022,10,daily,BaGall_A11,abs,y,MK,95,,,,,,,,,,,,,-0.000841834589351355,,,,,,,,,,,,,-0.000372604678780079,,,,,,,,,,,,,-0.00130772927567068,,,,,,,,,,,,
SUM,2022,10,daily,BaGall_A11,abs,MetSea,MK,-1,95,0,-1,95,,,,,,,,,-0.00113438087164029,-0.00335974793861353,0.000119674586600448,-0.000121041864925259,NaN,,,,,,,,,0.000797810016369215,-0.00158857282858681,0.00111789953961307,0.000253410631045644,NaN,,,,,,,,,-0.00313929929609242,-0.00510938445749321,-0.000607812511442112,-0.000901161798020013,NaN,,,,,,,,
SUM,2022,10,daily,BaGall_A11,abs,month,MK,-1,-1,0,95,0,95,-1,0,0,0,-1,0,95,-0.000190236796587365,-0.000553228805381847,-0.000564191922471008,-0.00520759889152047,0.000572973572394372,-0.0041322796868886,-0.00357925046454738,-0.000949094961438959,0.00192106865232201,0.00011967458660045,-0.00102611024672572,0.00035869373118168,NaN,0.000582575305052347,0.000591345697379529,0.00160490921358001,-0.000831102587178132,0.00532118266517824,-0.00173964634331442,0.000119674586600591,0.0020833036959808,0.00372733116240182,0.00195689088518344,0.000179094684055071,0.00180218749901307,NaN,-0.00126354789886727,-0.00192601015144689,-0.00283375829452331,-0.00955264725530558,-0.00385667067641524,-0.00662007044552437,-0.00734203409698065,-0.00415329604538662,0.000119674586600447,-0.0014967751655237,-0.00253780325556625,-0.000819535009044725,NaN
SUM,2021,10,daily,BaGall_A11,abs,y,MK,95,,,,,,,,,,,,,-0.000950862162781792,,,,,,,,,,,,,-0.000496656857009214,,,,,,,,,,,,,-0.00141510646565815,,,,,,,,,,,,
SUM,2021,10,daily,BaGall_A11,abs,MetSea,MK,-1,95,0,-1,95,,,,,,,,,-0.00148361429113467,-0.00360581348110703,0.000151086507384947,-0.00024735785626308,NaN,,,,,,,,,0.000627122393947149,-0.00159820077004266,0.00122421926818629,0.000151086507384946,NaN,,,,,,,,,-0.00363866691406561,-0.00568583056392003,-0.000664561772084223,-0.000960089364582176,NaN,,,,,,,,
SUM,2021,10,daily,BaGall_A11,abs,month,MK,-1,-1,0,0,0,95,0,0,0,0,-1,0,95,-0.000433855642838931,-0.000951372288074065,-0.000677643127345825,-0.00323167702655596,-0.00195476664089958,-0.00550536231393878,-0.00119875683522864,-0.00294628179119842,0.00162611800801581,0.000151086507384945,-0.000673103644169924,0.000432982013039893,NaN,0.000171981204942849,0.000151086507384956,0.00182319822456819,0.00130446510455134,0.00241245175333985,-0.00247050739263662,0.00222213862045949,0.000813291556518809,0.00368698189551352,0.00195172602698404,0.00083515746129335,0.00169879888294945,NaN,-0.00146572426871585,-0.00247308014984732,-0.00330217589609986,-0.0077968978801443,-0.00612415389034876,-0.00861815251786314,-0.00470803017535091,-0.00712531075546378,-2.21333274367125e-05,-0.00177577855587248,-0.00235111475957418,-0.000581117806492275,NaN
SUM,2020,10,daily,BaGall_A11,abs,y,MK,95,,,,,,,,,,,,,-0.000604670603487969,,,,,,,,,,,,,-0.000152022362434261,,,,,,,,,,,,,-0.0010547102577325,,,,,,,,,,,,
SUM,2020,10,daily,BaGall_A11,abs,MetSea,MK,95,0,0,0,95,,,,,,,,,-0.00241080898255355,-0.00214056344635567,-3.82496361838934e-05,0,NaN,,,,,,,,,-0.0002832859850338,-0.000397146341556438,0.000666269323954845,0.000458643144092365,NaN,,,,,,,,,-0.00450201740066639,-0.00398940047582656,-0.0010804560572899,-0.000893160480689884,NaN,,,,,,,,
SUM,2020,10,daily,BaGall_A11,abs,month,MK,0,0,0,0,0,95,0,0,0,0,0,0,95,0,-0.000886502022493591,-0.00257318293667616,-0.000648451442140589,-0.00476507949109112,-0.00641334684796228,0.00108546273069406,-0.00217365023521898,0.000703812601730345,-0.00109131360311435,-0.000352470290378462,0.000327313670557071,NaN,0.00123320321021713,0.000633806456209609,0.000223878366212745,0.00386023493387949,-0.000716619457783372,-0.00299127008585046,0.00365691179838032,0.000219489679841567,0.00214150343997206,0.000517170058153869,0.0013237646676352,0.00156961253800038,NaN,-0.00112492556851801,-0.00252496001398729,-0.00535488877741104,-0.0049763214348422,-0.0088263004479108,-0.009848018937222,-0.00145907271942943,-0.00528841333184626,-0.000557282833986203,-0.00300097380750927,-0.00214480562611863,-0.000624152800758359,NaN
SUM,2019,10,daily,BaGall_A11,abs,y,MK,0,,,,,,,,,,,,,0.000134992104791028,,,,,,,,,,,,,0.000599526106453185,,,,,,,,,,,,,-0.000290387178221392,,,,,,,,,,,,
SUM,2019,10,daily,BaGall_A11,abs,MetSea,MK,0,0,0,0,0,,,,,,,,,-0.00112353597731218,0.000788845640760939,0,0.000561634787962789,NaN,,,,,,,,,0.000936599126150018,0.0027401164853689,0.000802752112506704,0.00139485562577859,NaN,,,,,,,,,-0.0031606207650436,-0.00126027460231118,-0.00103788895724349,0,NaN,,,,,,,,
SUM,2019,10,daily,BaGall_A11,abs,month,MK,0,0,0,0,0,0,0,0,0,0,0,0,0,0.00109512289924896,6.69273837155133e-05,-0.000588180300861248,0.000747820036229164,-0.00423906089062265,-0.000242969050090273,0.00247307169062848,-0.00120831399078468,0.000346415571428742,-0.00129368768384125,4.04355823607816e-05,0.000618936573881386,NaN,0.00242619039545343,0.00196433468894335,0.00217842496767054,0.00498842824755713,-0.000486810654658227,0.00354678266972433,0.00532109960790198,0.00269616586567228,0.00188634829635385,0.000493991504318245,0.00212265155189491,0.00198487860396127,NaN,0,-0.00142161461892768,-0.00344265537843909,-0.00335372763779523,-0.00822339185994725,-0.00424990081633708,-0.000319552166304308,-0.00573734119349742,-0.000909644704375675,-0.00320289708441061,-0.00161943432985408,-0.000443234197204418,NaN
SUM,2018,10,daily,BaGall_A11,abs,y,MK,0,,,,,,,,,,,,,-6.31951547365564e-05,,,,,,,,,,,,,0.000397220675704952,,,,,,,,,,,,,-0.000558725308467506,,,,,,,,,,,,
SUM,2018,10,daily,BaGall_A11,abs,MetSea,MK,0,0,0,0,0,,,,,,,,,-0.000393314581734719,-0.000903534518222852,-0.000540189956320825,0.00056236804222288,NaN,,,,,,,,,0.00179575150750403,0.000902126231592889,0.000504300032504424,0.00154147251574325,NaN,,,,,,,,,-0.00256338867975504,-0.00290137096933618,-0.00179604780531412,-0.00018538669905508,NaN,,,,,,,,
SUM,2018,10,daily,BaGall_A11,abs,month,MK,0,0,0,0,0,0,0,0,0,0,0,0,0,0.000727142823124921,0.000567039406068474,0.000303276892100679,0.00130767059142474,-0.00380849733001382,-0.00440354819342906,0.000674142465759879,-7.40268714493427e-05,-0.000417367272177091,-0.00150333286804291,0,0.000573256967581038,NaN,0.00235538936534066,0.00243597522420001,0.00330470790912891,0.00528940282913951,0.000456619337495268,-0.000746852734336226,0.00330856383136122,0.00318054123143925,0.00122116118970159,0.000833048598805627,0.00219970112027963,0.00215352950884128,NaN,-0.000729599055866245,-0.00124956827915838,-0.00272779322412619,-0.00281733289576009,-0.00832135967625665,-0.00791734832213029,-0.00216233360960976,-0.00351172838798801,-0.00216722987730577,-0.00392208320693189,-0.00228775025497142,-0.000729053349843895,NaN
SUM,2017,10,daily,BaGall_A11,abs,y,MK,0,,,,,,,,,,,,,-0.000201765788752118,,,,,,,,,,,,,0.000362466925715901,,,,,,,,,,,,,-0.000792097116492291,,,,,,,,,,,,
SUM,2017,10,daily,BaGall_A11,abs,MetSea,MK,0,0,0,0,0,,,,,,,,,-0.000537645258187536,-0.000335752916277501,-0.000677884285657937,0.000333711550351045,NaN,,,,,,,,,0.00196536854790811,0.00168355048133429,0.000577157350265863,0.00156674574843823,NaN,,,,,,,,,-0.00298967953561215,-0.0024044269636858,-0.00209872052400668,-0.000714011462284318,NaN,,,,,,,,
SUM,2017,10,daily,BaGall_A11,abs,month,MK,0,0,0,0,0,0,0,0,0,0,0,0,0,0.000220958477411884,0.00126372441777874,0.000695447945901748,0.00100673190990564,-0.00630898509741868,-0.00484911120246072,0.000610619174046532,0.00155525749899086,-0.000277218212373719,-0.00134273719741664,-0.00108962644961632,0,NaN,0.00226544373118501,0.00376980962409524,0.00404104028982622,0.00550469417982942,-0.000720888532292872,-0.000868844119301557,0.0036333746650304,0.00544630947446783,0.00152225202511413,0.00138923963948861,0.00162832179642481,0.00175007798460864,NaN,-0.00139360374162768,-0.00116701846467254,-0.00275491781878657,-0.00342855656564908,-0.0126946009481789,-0.00861658437090317,-0.00242029081313946,-0.00221462924053503,-0.0022045384312677,-0.00430640817214912,-0.00377506949914979,-0.00205083125889687,NaN
SUM,2016,10,daily,BaGall_A11,abs,y,MK,-1,,,,,,,,,,,,,0.000567522852397312,,,,,,,,,,,,,0.00116584920476931,,,,,,,,,,,,,-3.84653779643725e-05,,,,,,,,,,,,
SUM,2016,10,daily,BaGall_A11,abs,MetSea,MK,0,-1,0,0,0,,,,,,,,,0.00201645656556142,0.00192956488480882,-0.00100043660569542,0.000237324118388475,NaN,,,,,,,,,0.0044076689618608,0.0039343730785925,0.000493531617526333,0.00146483048751974,NaN,,,,,,,,,-0.000373497774836786,-5.76076101763672e-05,-0.00264072518480412,-0.000892402217791072,NaN,,,,,,,,
SUM,2016,10,daily,BaGall_A11,abs,month,MK,0,0,0,0,0,0,0,0,0,0,0,0,0,0.00136275347373021,0.00101626417569364,0.00134378324698256,0.00381528861281908,0.00019573280894168,0.00127086544120899,0.00299678826065483,0.000850019618938242,-0.00036284330152818,-0.00223679987242544,-0.000780726232493272,-0.00137940843597836,NaN,0.00321655972320449,0.00355653429053852,0.00460387732805828,0.0083387458154749,0.00492167265817368,0.00499696464653027,0.00653321480639554,0.00461501621436731,0.00164437625549981,0.000930205207815637,0.00238285699151333,0.000603365438787189,NaN,-0.000377098536220248,-0.0015393790525663,-0.00192086343791228,-0.0009394998625825,-0.00458573444631037,-0.0024078463088458,-0.000715881991491879,-0.00269289700922831,-0.00246292802126198,-0.00567448519663275,-0.00392932360554127,-0.00365739150053925,NaN
SUM,2015,10,daily,BaGall_A11,abs,y,MK,95,,,,,,,,,,,,,0.0012599365143356,,,,,,,,,,,,,0.001828066029896,,,,,,,,,,,,,0.000688378721422368,,,,,,,,,,,,
SUM,2015,10,daily,BaGall_A11,abs,MetSea,MK,-1,95,0,-1,95,,,,,,,,,0.00299722674962819,0.0036882579688429,-0.000342331553352488,0.000218648852326265,NaN,,,,,,,,,0.00547403834169954,0.00581982885085827,0.00140576706923002,0.00141677609803613,NaN,,,,,,,,,0.000516866297960934,0.00160458907664589,-0.0022052293098356,-0.000890139946478785,NaN,,,,,,,,
SUM,2015,10,daily,BaGall_A11,abs,month,MK,-1,0,-1,95,0,-1,95,-1,0,0,0,0,95,0.000686004958579129,0.000460326902187693,0.00215926574435168,0.00736155191154833,-0.00159660030536745,0.00429262685534687,0.00448106862120085,0.0022278348552989,2.96030821120614e-05,-0.0021825075698079,0.00055078777502568,-0.000228335094094186,NaN,0.00266192888108426,0.00274117322028654,0.00549028427260196,0.0124874329638664,0.0031405453530523,0.00817398216852752,0.00792697368946658,0.00628073618074801,0.00281941048269486,0.00140640565481923,0.00382282445797748,0.00169482578676535,NaN,-0.00116755571671186,-0.00170284537194503,-0.000952165230637556,0.00240704597365456,-0.00659281778036294,0.000279517844304624,0.00118458980246799,-0.00115516616975758,-0.0026212817095116,-0.00594692643595814,-0.00283948573060726,-0.00263413714861301,NaN
SUM,2024,10,daily,BbsG20_S11,neph,y,MK,95,,,,,,,,,,,,,0.00708284273793016,,,,,,,,,,,,,0.00845016022347816,,,,,,,,,,,,,0.00572775948542106,,,,,,,,,,,,
SUM,2024,10,daily,BbsG20_S11,neph,MetSea,MK,95,95,95,95,95,,,,,,,,,0.00877695396281535,0.00801262340483187,0.00598868781527479,0.00435905184932232,NaN,,,,,,,,,0.0129860721144285,0.0128750651527406,0.00851225296028538,0.00640290462705694,NaN,,,,,,,,,0.00464111473430527,0.00340173477587066,0.0034132371764624,0.00232741562708759,NaN,,,,,,,,
SUM,2024,10,daily,BbsG20_S11,neph,month,MK,-1,95,-1,95,95,-1,95,95,95,95,95,95,95,0.00245487534980562,0.00272721104154332,0.00523776073950188,0.00846724637932652,0.0119881756847665,0.00074194774973278,0.0140124572172252,0.00904586733920278,0.0108753774894256,0.00810091731685601,0.00307258074950981,0.00720863198521933,NaN,0.00668241521078886,0.00632592773019931,0.0107689912347092,0.0150826253540944,0.0204698552072018,0.00819616075426123,0.0231623786901255,0.0182896094121245,0.0172562447944122,0.0120223991989855,0.00665103496275004,0.0102989333795647,NaN,-0.00160585662515096,-0.000797179502600411,-0.000249519618596059,0.00120824930556388,0.00210327000438355,-0.00606171745254471,0.00538364541939704,0.000651140903441762,0.00504056940512126,0.00407739066828146,-0.000415285623918852,0.00420538638907414,NaN
SUM,2023,10,daily,BbsG20_S11,neph,y,MK,95,,,,,,,,,,,,,0.00665078538053884,,,,,,,,,,,,,0.00809379310234428,,,,,,,,,,,,,0.00522210564502255,,,,,,,,,,,,
SUM,2023,10,daily,BbsG20_S11,neph,MetSea,MK,95,95,95,95,95,,,,,,,,,0.00621897535733452,0.00914381222916774,0.00458071275420763,0.00406505394113207,NaN,,,,,,,,,0.0104400147994957,0.0142917582237725,0.00746567303145302,0.00601751635586694,NaN,,,,,,,,,0.00212698935617568,0.00404371069892292,0.00174633944643456,0.00215327980606456,NaN,,,,,,,,
SUM,2023,10,daily,BbsG20_S11,neph,month,MK,95,95,95,-1,95,-1,95,95,95,95,-1,95,95,0.00233523179777674,0.0035655132734897,0.00642429596271707,-0.0018440475575793,0.0133982467079458,0.00114827664801664,0.0197740155537858,0.0112834398665057,0.0112738231668901,0.00693299240261006,0.000592483603850454,0.00673652974614109,NaN,0.00569369565408129,0.00692599759773985,0.0117686566496946,0.00534439045634787,0.022894611382701,0.00828247801288869,0.0318934573451387,0.021605311821369,0.01859792825476,0.0113770565732349,0.00453809739740207,0.0102867902894659,NaN,-0.000790303886628992,0.000231410470152769,0.00117768565811046,-0.00901670162700442,0.00283519988536087,-0.00569144193121965,0.00830946341361122,0.00156228279972206,0.00442071827774211,0.00253443144288044,-0.00340606486229723,0.00347626271193191,NaN
SUM,2022,10,daily,BbsG20_S11,neph,y,MK,95,,,,,,,,,,,,,0.00474381094041661,,,,,,,,,,,,,0.00586766401400972,,,,,,,,,,,,,0.0036227849882134,,,,,,,,,,,,
SUM,2022,10,daily,BbsG20_S11,neph,MetSea,MK,-1,-1,95,95,95,,,,,,,,,0.0029810697971039,0.00267708412570299,0.00359546892508605,0.00403668303401515,NaN,,,,,,,,,0.00654986543625121,0.00678577275077373,0.00598443339809654,0.00576378707326067,NaN,,,,,,,,,-0.000569615761910211,-0.00134534693289973,0.00132168801829452,0.0023204515838873,NaN,,,,,,,,
SUM,2022,10,daily,BbsG20_S11,neph,month,MK,95,95,-1,0,95,-1,-1,-1,95,95,-1,95,95,0.00328040550826401,0.00316352823183126,0.00361565306640916,-0.00444642149756195,0.00795262948768817,-0.00140252389635485,0.00565919442447864,0.00770191564726157,0.0100817447784859,0.00479274874258976,-0.000432581066824567,0.00677056631863461,NaN,0.00617930823480676,0.00620814142579262,0.00810151146199071,0.00250234777795041,0.0157995398335929,0.00409930963262632,0.0155944595519144,0.0165031927290213,0.0157733565527683,0.00834078811038255,0.00287000163488736,0.010000902124153,NaN,0.000551719262312227,-8.46391661601604e-06,-0.000788438850325065,-0.0112504345862064,0.000363284435641631,-0.00669357574439402,-0.0032767081711335,-0.000853356773457214,0.00438622258265609,0.00107896929610809,-0.00356982130171026,0.00359704455769532,NaN
SUM,2021,10,daily,BbsG20_S11,neph,y,MK,95,,,,,,,,,,,,,0.00399144864193644,,,,,,,,,,,,,0.00496706872450497,,,,,,,,,,,,,0.0030168601192876,,,,,,,,,,,,
SUM,2021,10,daily,BbsG20_S11,neph,MetSea,MK,-1,-1,95,95,95,,,,,,,,,0.00100242231045944,0.000702391671076066,0.00479886253769451,0.00280220927641381,NaN,,,,,,,,,0.0046691294111791,0.0049596816241477,0.00727083943586363,0.00440436226437304,NaN,,,,,,,,,-0.00254427366267784,-0.00343815317902366,0.00232373533448345,0.00125726324199143,NaN,,,,,,,,
SUM,2021,10,daily,BbsG20_S11,neph,month,MK,-1,-1,-1,0,-1,0,-1,0,95,95,-1,95,95,0.00225672631415196,0.00130947042333379,0.00226157900718634,-0.0023517775138552,0.00217831793314779,-0.00422816880511868,0.00667540659650915,0.000661565269675095,0.0114226088935939,0.0056936612739472,0.00118085926726997,0.00541563644152881,NaN,0.00481719368702881,0.00436064651464706,0.00665023403565634,0.00475042215786284,0.00915858935151959,0.00189814052991295,0.013696169430678,0.0103684050736468,0.0173098965917542,0.00945099974152386,0.00443725672632249,0.0080843873395781,NaN,-0.000407822405917875,-0.00163555301802512,-0.00252604237081625,-0.00924201898045165,-0.00499885099742848,-0.0109738401601301,-0.000222084352600727,-0.00901323997433294,0.00552283541967197,0.00154817555567053,-0.00216750869124003,0.00233891046928251,NaN
SUM,2024,10,daily,expS_bg,neph,y,MK,95,,,,,,,,,,,,,-0.025411499310989,,,,,,,,,,,,,-0.016978636080511,,,,,,,,,,,,,-0.0339088625659248,,,,,,,,,,,,
SUM,2024,10,daily,expS_bg,neph,MetSea,MK,95,95,95,95,95,,,,,,,,,-0.0179948360131635,-0.0221942386907907,-0.0393965727401335,-0.0490685384236239,-0.0307954057154621,,,,,,,,,-0.00585632408473443,-0.0109824255044927,-0.0159398411199196,-0.0224038812991999,-0.0134611333122062,,,,,,,,,-0.0300305018076671,-0.033472202881024,-0.0631578090736456,-0.0764060604549986,-0.0483150059773348,,,,,,,,
SUM,2024,10,daily,expS_bg,neph,month,MK,95,0,0,95,0,0,95,0,-1,0,95,0,95,-0.0645879363286944,-0.0377040524123501,-0.00404258975010882,-0.0353160532751666,-0.0126494049367602,-0.00497231890458223,-0.0314878893827633,-0.0228742340347577,-0.0332963371050645,0.00775320997489404,-0.090464913502503,-0.0468283687695412,NaN,-0.0130566662321473,0.00777647663509835,0.0300659341036855,-0.016335724189334,0.00223998964476145,0.0129420412207645,-0.0112698643519531,-0.0007007689314995,-0.00472681669132467,0.0570712199060681,-0.0397659753545981,-0.000861445411692914,NaN,-0.11962350240692,-0.0828455898080026,-0.0357187763089165,-0.0556542137307398,-0.028619343553558,-0.0239568716229571,-0.051653679428736,-0.0438262535494151,-0.0661801017211123,-0.0367440373910023,-0.141037234064229,-0.0929236378409215,NaN
SUM,2023,10,daily,expS_bg,neph,y,MK,0,,,,,,,,,,,,,-9.11437800183028e-05,,,,,,,,,,,,,0.0082320713420689,,,,,,,,,,,,,-0.00836058602433557,,,,,,,,,,,,
SUM,2023,10,daily,expS_bg,neph,MetSea,MK,0,0,95,0,0,,,,,,,,,0.0122547587050849,0.000265941933149193,-0.025429636228402,-0.00154577410398001,NaN,,,,,,,,,0.0243256011003502,0.011648548226004,-0.00338891212337515,0.0253519259898025,NaN,,,,,,,,,0.000291106766044254,-0.0113435156058406,-0.0475404446580326,-0.0276064395067227,NaN,,,,,,,,
SUM,2023,10,daily,expS_bg,neph,month,MK,0,0,95,0,0,0,0,0,95,0,0,0,0,-0.0200655206297066,0.0170608200679474,0.0414145416981885,-0.000543430913896889,0.00332469734959725,0.0191455802543037,-0.0150200928904282,0.000520271381682541,-0.0336573478483662,-0.00326076486409207,-0.0336575943774677,-0.00589691125512705,NaN,0.0347859991235706,0.0652114732959283,0.0711264712315222,0.0190128717370008,0.0192500882050727,0.0403356123204305,0.00519908782282206,0.020821847182256,-0.00663410589718745,0.0409233972909087,0.0164902023809398,0.0349148268850471,NaN,-0.0764317722769507,-0.0280515593479453,0.0120812405442097,-0.0200101234377242,-0.0124247894318056,0.000395824396584372,-0.0358457616300941,-0.0203408119588634,-0.0645973744166803,-0.0438695870461406,-0.0841312178779717,-0.0454912247686037,NaN
SUM,2022,10,daily,expS_bg,neph,y,MK,95,,,,,,,,,,,,,0.0424465390290404,,,,,,,,,,,,,0.0512146936802974,,,,,,,,,,,,,0.0337107697994605,,,,,,,,,,,,
SUM,2022,10,daily,expS_bg,neph,MetSea,MK,95,95,0,95,95,,,,,,,,,0.0420362435809042,0.0289857213408582,0.0154600852537024,0.0929748671829723,NaN,,,,,,,,,0.0538773336042979,0.0427769629712608,0.0385405304290935,0.119868242664126,NaN,,,,,,,,,0.0303828561425292,0.0148408707319946,-0.00729874372369196,0.0662554167220435,NaN,,,,,,,,
SUM,2022,10,daily,expS_bg,neph,month,MK,95,95,95,95,95,95,0,-1,0,0,0,-1,95,0.0933739841904648,0.119923954668413,0.0735391191175714,0.0386680933329235,0.021448073353072,0.0500926020970309,0.0184367105211498,0.025866708660553,-0.00378904021681042,0.0327988881270873,0.0243757201080188,0.0641096089205507,NaN,0.143538764721309,0.162647217972715,0.10178699962309,0.0569749316290221,0.0360912295519918,0.0724558895719727,0.0429998130467536,0.0526623163802912,0.0272722169053217,0.0768408055843818,0.0738970709695448,0.116576249462835,NaN,0.0458985004382518,0.078829497690762,0.0461794286330031,0.0194021778049625,0.00737387878656813,0.0274538655342022,-0.0078313182020386,0.000933395915211997,-0.0361514168926413,-0.00866784620823653,-0.0239112114637142,0.0150164058903015,NaN
SUM,2021,10,daily,expS_bg,neph,y,MK,95,,,,,,,,,,,,,0.060529686164752,,,,,,,,,,,,,0.0691014460492954,,,,,,,,,,,,,0.0519540618656318,,,,,,,,,,,,
SUM,2021,10,daily,expS_bg,neph,MetSea,MK,95,95,95,95,95,,,,,,,,,0.0601071188342149,0.0484744686507046,0.0627475130751665,0.0867340703885061,NaN,,,,,,,,,0.0719283496534636,0.0611723772180704,0.0853356976540269,0.114073564808998,NaN,,,,,,,,,0.0483430458728845,0.0355811650110083,0.0409077459456738,0.059148257534323,NaN,,,,,,,,
SUM,2021,10,daily,expS_bg,neph,month,MK,95,95,95,95,95,95,95,95,0,95,95,95,95,0.0960517577792413,0.0951173961099744,0.103525792602333,0.0629469624941917,0.0229802548168214,0.0572056158521675,0.0451206704177039,0.0466695812767521,0.0219113192531985,0.0757058109925636,0.0897459602100331,0.0729004665457307,NaN,0.145474595399576,0.143845952462008,0.129964038119379,0.082845987204651,0.0373953053860429,0.0786621916894728,0.0684764023751254,0.0684380237408866,0.0565743778479814,0.117610793098966,0.131352808016412,0.118832248760323,NaN,0.0441760677742636,0.0483590054371075,0.0769346123628298,0.042841159178302,0.00810081384395452,0.0355099538094541,0.0208429461903271,0.0241515627774741,-0.0117920417349278,0.0388998850016178,0.0481514998786942,0.0271734575970241,NaN
SUM,2020,10,daily,expS_bg,neph,y,MK,95,,,,,,,,,,,,,0.0540269319569597,,,,,,,,,,,,,0.0631572174883639,,,,,,,,,,,,,0.0449738365523743,,,,,,,,,,,,
SUM,2020,10,daily,expS_bg,neph,MetSea,MK,95,95,95,95,95,,,,,,,,,0.0623652985619645,0.0473862166344216,0.0525323502754087,0.083532286301253,NaN,,,,,,,,,0.0755739463610846,0.0604619250449855,0.0744029897335963,0.113829389559307,NaN,,,,,,,,,0.0493064723228755,0.0344902156400418,0.0312847814989982,0.053273932959336,NaN,,,,,,,,
SUM,2020,10,daily,expS_bg,neph,month,MK,95,95,95,95,0,95,95,95,-1,0,95,95,95,0.0924147781187122,0.0912999582780745,0.117498350875491,0.0753705510848729,0.018183377971179,0.0381701067991016,0.0308515119044092,0.0751939601152514,0.0408696252400451,0.0306222900409429,0.0854894390710305,0.072338364717375,NaN,0.149673071146138,0.149948040135326,0.148940978348822,0.0978832616512799,0.0346086149139873,0.0615982697615526,0.0526606331382595,0.100668827006122,0.0769831823839185,0.0669233700825091,0.123447165449575,0.119056004826673,NaN,0.0331136702273998,0.0374099655162663,0.0870373299637887,0.0520933084108325,0.00142372277280029,0.0165154035015418,0.0104365349215353,0.0516647629383242,0.00607370798417095,-0.00542774339839168,0.0446208742568058,0.0268031759370834,NaN
SUM,2025,10,daily,expA_bg,abs,y,MK,95,,,,,,,,,,,,,-0.015940597409701,,,,,,,,,,,,,-0.00890935229621886,,,,,,,,,,,,,-0.0237625583767169,,,,,,,,,,,,
SUM,2025,10,daily,expA_bg,abs,MetSea,MK,95,95,95,95,95,,,,,,,,,-0.02217051140504,0,0,0,NaN,,,,,,,,,-0.00881186851246124,0,0,0,NaN,,,,,,,,,-0.0351202651513559,-0.00687476997144182,0,0,NaN,,,,,,,,
SUM,2025,10,daily,expA_bg,abs,month,MK,95,0,95,0,95,95,0,0,95,95,0,95,95,0,0,-0.0240183345346951,0,-0.0564706382069476,-0.0313394180407141,0,0,0,0,0,0,NaN,0,0,0,0.0180632615999681,-0.041203220375992,-0.00459186066281585,0,0,0,0,0,0,NaN,0,0,-0.0635751201783597,0,-0.0710621131699075,-0.0554729568694424,0,-0.0125404894421019,0,0,0,0,NaN
SUM,2024,10,daily,BsG20_S11,neph,y,MK,95,,,,,,,,,,,,,0.0208632664757406,,,,,,,,,,,,,0.0277839030739757,,,,,,,,,,,,,0.0140364388207426,,,,,,,,,,,,
SUM,2024,10,daily,BsG20_S11,neph,MetSea,MK,95,-1,95,95,95,,,,,,,,,0.0309455806348066,0.0318714990400419,0.0191883944239377,0.0074983026312382,NaN,,,,,,,,,0.0551714284111879,0.0645150717781006,0.0309356762808227,0.0143382052295633,NaN,,,,,,,,,0.00876887760653141,0.00168486113541419,0.00785302166526125,0.000770954183010655,NaN,,,,,,,,
SUM,2024,10,daily,BsG20_S11,neph,month,MK,-1,-1,-1,-1,-1,0,-1,-1,95,95,-1,95,95,0.000858069435748092,0.00538531558737039,0.0131481579136958,0.0306561033644697,0.0395092448940572,-0.0125739518486997,0.0685290200587437,0.041855499459594,0.063415249766349,0.0215858715631318,0.0101142535558025,0.0160765436041716,NaN,0.0122989699478023,0.019021500556924,0.0393398454786247,0.0742723634878238,0.101719059564618,0.0328943197579711,0.130924793051773,0.109939848375229,0.0992887337415579,0.0427056486842718,0.0218676519355653,0.0268254853503063,NaN,-0.0105522285475201,-0.00807088914427656,-0.0113409378107197,-0.00824359895130211,-0.0178887811352644,-0.0586211958964649,0.0104269808804453,-0.0148523062587371,0.0261734437661156,0.00137802635245999,-0.00171005538510151,0.00581919364872755,NaN
SUM,2023,10,daily,BsG20_S11,neph,y,MK,95,,,,,,,,,,,,,0.0165900083359925,,,,,,,,,,,,,0.0238948436608087,,,,,,,,,,,,,0.00927399948381927,,,,,,,,,,,,
SUM,2023,10,daily,BsG20_S11,neph,MetSea,MK,-1,-1,95,95,95,,,,,,,,,0.0168221638658391,0.0364611646145176,0.0112558117786107,0.00738836744047664,NaN,,,,,,,,,0.0417789778959504,0.0717135870041184,0.0236740634278358,0.0136616016540062,NaN,,,,,,,,,-0.00896616185140817,0.00329113973899902,-0.000718007429744094,0.000962749648267856,NaN,,,,,,,,
SUM,2023,10,daily,BsG20_S11,neph,month,MK,-1,-1,-1,0,0,0,95,0,95,-1,-1,95,95,0.003933624310833,0.00512046021183923,0.0217847682622407,-0.0299681822176924,0.0438797942237476,-0.0186068055582112,0.10896239821679,0.05102273335346,0.0525873885016779,0.0152688805078689,0.00360024448169744,0.0148226058494114,NaN,0.0138719254599811,0.0176528151628773,0.0505506411228108,0.0174502121067751,0.116928500026662,0.0261421238350499,0.191892024873916,0.132190548215484,0.0968254104071723,0.0385317842505035,0.0167767392657704,0.0258283182264453,NaN,-0.00636603214530954,-0.00702897751634045,-0.0063346746392242,-0.0772511252318793,-0.0250161400904728,-0.0646795367574641,0.0336061337204486,-0.0160486922986471,0.0107834331850111,-0.00601990167367229,-0.0090804684819122,0.00390193998425558,NaN
SUM,2022,10,daily,BsG20_S11,neph,y,MK,0,,,,,,,,,,,,,0.00267482960521819,,,,,,,,,,,,,0.00833200141224552,,,,,,,,,,,,,-0.00299115612122374,,,,,,,,,,,,
SUM,2022,10,daily,BsG20_S11,neph,MetSea,MK,0,0,0,-1,0,,,,,,,,,-0.00721192915511173,-0.00967789319757251,0.00530394557950293,0.00640190590424147,NaN,,,,,,,,,0.0152133750276256,0.0169748023622543,0.0152667865374929,0.0119873716248979,NaN,,,,,,,,,-0.0296242232762565,-0.03633174597995,-0.00473392241298944,0.000759222550372837,NaN,,,,,,,,
SUM,2022,10,daily,BsG20_S11,neph,month,MK,0,0,0,0,0,0,0,0,95,0,0,0,0,0.00802074367778292,0.000733470654978392,0.00295436517467746,-0.0535869205407768,0.0116806680739627,-0.0390618790966554,0.0149883871418508,0.0146222074741844,0.0411245811758302,0.00399741643425605,-0.0049833123800562,0.0123723317400251,NaN,0.0162376961327049,0.0115134994504275,0.0270390120754132,-0.0079726225325477,0.0653407026555735,-0.00324957492675058,0.0716125168223156,0.0744547369504343,0.0720410970798062,0.021781930315261,0.00682808524309193,0.0236545705694797,NaN,-0.000699491635019808,-0.0109718878906832,-0.0216258747979929,-0.0959818094721549,-0.042048827758406,-0.072806282842874,-0.038794289303307,-0.0419557172422268,0.011364259002124,-0.014222643269441,-0.0164483660390329,0.00142440262298767,NaN
SUM,2021,10,daily,BsG20_S11,neph,y,MK,0,,,,,,,,,,,,,0.00153161295908535,,,,,,,,,,,,,0.00669916512244842,,,,,,,,,,,,,-0.00367086281368544,,,,,,,,,,,,
SUM,2021,10,daily,BsG20_S11,neph,MetSea,MK,0,0,0,0,0,,,,,,,,,-0.0161955452428371,-0.017810174864857,0.0111803928569609,0.00456717925715626,NaN,,,,,,,,,0.00774819496954997,0.013419076918594,0.0237331721400696,0.0100519954158871,NaN,,,,,,,,,-0.0410744254020841,-0.0500912507394539,-0.00109737985268666,-0.00107139036301897,NaN,,,,,,,,
SUM,2021,10,daily,BsG20_S11,neph,month,MK,0,0,0,0,0,95,0,0,95,0,0,0,0,0.00415137235330372,-0.00331538335688737,-0.00704395360923194,-0.0393724667488218,-0.0137649079948361,-0.0617858112967644,0.0301907960190674,-0.0229756725637611,0.0508758436712775,0.010371046699108,-0.00137452117904922,0.0119858507040221,NaN,0.0124681811171481,0.0084987141823871,0.0215303123397712,0.0093148513638013,0.0405868592346585,-0.0140801637903946,0.0771768844643448,0.0510491946453616,0.0866029125655112,0.0327864079397466,0.0132625320341786,0.0212505564619604,NaN,-0.00458915806079503,-0.0168456126808658,-0.0364617373307414,-0.0845007906328749,-0.0675820225933124,-0.107224420870349,-0.0176289504621139,-0.10978956736337,0.0150057489919206,-0.0117651285536795,-0.0164598408501466,0.0026520024680763,NaN
SUM,2024,10,daily,BaGall_A11,abs,y,MK,0,,,,,,,,,,,,,8.66893077874354e-05,,,,,,,,,,,,,0.000562756100207096,,,,,,,,,,,,,-0.000302887010760418,,,,,,,,,,,,
SUM,2024,10,daily,BaGall_A11,abs,MetSea,MK,0,0,95,0,0,,,,,,,,,0.000600701705471875,-0.0010005616967232,0.00146824189893914,0,NaN,,,,,,,,,0.00237217080273962,0.00073237872983767,0.00244308900965577,0.000333375883361758,NaN,,,,,,,,,-0.00108193052784793,-0.00272743592887622,0.00046924064891346,-0.000673662908677916,NaN,,,,,,,,
SUM,2024,10,daily,BaGall_A11,abs,month,MK,0,0,0,0,0,95,0,0,95,0,0,0,0,-0.000607881512581244,0,0.00045366977639015,0.000713135294542029,-0.0011083617204669,-0.00389057749981343,0.0017995666080708,0.000506099069456671,0.00343066043454339,0.00191838267679132,0,0.000402703225275072,NaN,7.58430499054979e-05,0.00109559577164847,0.00236889973888067,0.0041730072288938,0.00280318123896188,-0.00133555293235893,0.00549878103684936,0.003693112526871,0.00527647012027879,0.00371682967186306,0.00127507647036366,0.00154225724578174,NaN,-0.00180310577043344,-0.00109133824685565,-0.0012383591374436,-0.00268562409849957,-0.00504533356895864,-0.00653808648525166,-0.00208192933422685,-0.00230623560458566,0.00153334879003639,1.58384174430171e-05,-0.00124238482194137,-0.000504017848525672,NaN
SUM,2023,10,daily,BaGall_A11,abs,y,MK,0,,,,,,,,,,,,,-0.00028618474345277,,,,,,,,,,,,,0.000129883996174137,,,,,,,,,,,,,-0.000785713484945169,,,,,,,,,,,,
SUM,2023,10,daily,BaGall_A11,abs,MetSea,MK,0,0,0,0,0,,,,,,,,,-0.000522279089935838,-0.00117031568140341,0.000529049231305844,-0.000255388606674243,NaN,,,,,,,,,0.00150945977849786,0.00061030221356314,0.00156435207718203,0.000113526636421498,NaN,,,,,,,,,-0.00256918086676984,-0.00304277977933238,-0.000267202974375071,-0.00101517015114092,NaN,,,,,,,,
SUM,2023,10,daily,BaGall_A11,abs,month,MK,0,0,0,0,0,0,0,0,0,0,0,0,0,-0.000421740950909832,-0.000609884484464188,0.0006110619009595,-0.00382934914827524,-0.000870029396752398,-0.00323488281842556,0.000832920503490979,0.000221323321243469,0.00179139910362524,0.000964180535929678,-0.000223237608542181,0.000259351734299494,NaN,0.000313598040756175,0.000405366510545529,0.00278640980512076,0.000357354562333128,0.00414423336274141,-0.000517277929221284,0.0049404615345785,0.00356304449388555,0.00384806815979418,0.00271627885528021,0.000953251313490123,0.00161534170939586,NaN,-0.00159668853281754,-0.00194565341601648,-0.00149172760807728,-0.00809066250657046,-0.00564227787593554,-0.00593113146433074,-0.00323205994636422,-0.00282292136780896,0,-0.000821258986129804,-0.0018121471376875,-0.000840194844416442,NaN
SUM,2022,10,daily,BaGall_A11,abs,y,MK,95,,,,,,,,,,,,,-0.000841834589351355,,,,,,,,,,,,,-0.000372604678780079,,,,,,,,,,,,,-0.00130772927567068,,,,,,,,,,,,
SUM,2022,10,daily,BaGall_A11,abs,MetSea,MK,-1,95,0,-1,95,,,,,,,,,-0.00113438087164029,-0.00335974793861353,0.000119674586600448,-0.000121041864925259,NaN,,,,,,,,,0.000797810016369215,-0.00158857282858681,0.00111789953961307,0.000253410631045644,NaN,,,,,,,,,-0.00313929929609242,-0.00510938445749321,-0.000607812511442112,-0.000901161798020013,NaN,,,,,,,,
SUM,2022,10,daily,BaGall_A11,abs,month,MK,-1,-1,0,95,0,95,-1,0,0,0,-1,0,95,-0.000190236796587365,-0.000553228805381847,-0.000564191922471008,-0.00520759889152047,0.000572973572394372,-0.0041322796868886,-0.00357925046454738,-0.000949094961438959,0.00192106865232201,0.00011967458660045,-0.00102611024672572,0.00035869373118168,NaN,0.000582575305052347,0.000591345697379529,0.00160490921358001,-0.000831102587178132,0.00532118266517824,-0.00173964634331442,0.000119674586600591,0.0020833036959808,0.00372733116240182,0.00195689088518344,0.000179094684055071,0.00180218749901307,NaN,-0.00126354789886727,-0.00192601015144689,-0.00283375829452331,-0.00955264725530558,-0.00385667067641524,-0.00662007044552437,-0.00734203409698065,-0.00415329604538662,0.000119674586600447,-0.0014967751655237,-0.00253780325556625,-0.000819535009044725,NaN
SUM,2021,10,daily,BaGall_A11,abs,y,MK,95,,,,,,,,,,,,,-0.000950862162781792,,,,,,,,,,,,,-0.000496656857009214,,,,,,,,,,,,,-0.00141510646565815,,,,,,,,,,,,
SUM,2021,10,daily,BaGall_A11,abs,MetSea,MK,-1,95,0,-1,95,,,,,,,,,-0.00148361429113467,-0.00360581348110703,0.000151086507384947,-0.00024735785626308,NaN,,,,,,,,,0.000627122393947149,-0.00159820077004266,0.00122421926818629,0.000151086507384946,NaN,,,,,,,,,-0.00363866691406561,-0.00568583056392003,-0.000664561772084223,-0.000960089364582176,NaN,,,,,,,,
SUM,2021,10,daily,BaGall_A11,abs,month,MK,-1,-1,0,0,0,95,0,0,0,0,-1,0,95,-0.000433855642838931,-0.000951372288074065,-0.000677643127345825,-0.00323167702655596,-0.00195476664089958,-0.00550536231393878,-0.00119875683522864,-0.00294628179119842,0.00162611800801581,0.000151086507384945,-0.000673103644169924,0.000432982013039893,NaN,0.000171981204942849,0.000151086507384956,0.00182319822456819,0.00130446510455134,0.00241245175333985,-0.00247050739263662,0.00222213862045949,0.000813291556518809,0.00368698189551352,0.00195172602698404,0.00083515746129335,0.00169879888294945,NaN,-0.00146572426871585,-0.00247308014984732,-0.00330217589609986,-0.0077968978801443,-0.00612415389034876,-0.00861815251786314,-0.00470803017535091,-0.00712531075546378,-2.21333274367125e-05,-0.00177577855587248,-0.00235111475957418,-0.000581117806492275,NaN
SUM,2020,10,daily,BaGall_A11,abs,y,MK,95,,,,,,,,,,,,,-0.000604670603487969,,,,,,,,,,,,,-0.000152022362434261,,,,,,,,,,,,,-0.0010547102577325,,,,,,,,,,,,
SUM,2020,10,daily,BaGall_A11,abs,MetSea,MK,95,0,0,0,95,,,,,,,,,-0.00241080898255355,-0.00214056344635567,-3.82496361838934e-05,0,NaN,,,,,,,,,-0.0002832859850338,-0.000397146341556438,0.000666269323954845,0.000458643144092365,NaN,,,,,,,,,-0.00450201740066639,-0.00398940047582656,-0.0010804560572899,-0.000893160480689884,NaN,,,,,,,,
SUM,2020,10,daily,BaGall_A11,abs,month,MK,0,0,0,0,0,95,0,0,0,0,0,0,95,0,-0.000886502022493591,-0.00257318293667616,-0.000648451442140589,-0.00476507949109112,-0.00641334684796228,0.00108546273069406,-0.00217365023521898,0.000703812601730345,-0.00109131360311435,-0.000352470290378462,0.000327313670557071,NaN,0.00123320321021713,0.000633806456209609,0.000223878366212745,0.00386023493387949,-0.000716619457783372,-0.00299127008585046,0.00365691179838032,0.000219489679841567,0.00214150343997206,0.000517170058153869,0.0013237646676352,0.00156961253800038,NaN,-0.00112492556851801,-0.00252496001398729,-0.00535488877741104,-0.0049763214348422,-0.0088263004479108,-0.009848018937222,-0.00145907271942943,-0.00528841333184626,-0.000557282833986203,-0.00300097380750927,-0.00214480562611863,-0.000624152800758359,NaN
SUM,2019,10,daily,BaGall_A11,abs,y,MK,0,,,,,,,,,,,,,0.000134992104791028,,,,,,,,,,,,,0.000599526106453185,,,,,,,,,,,,,-0.000290387178221392,,,,,,,,,,,,
SUM,2019,10,daily,BaGall_A11,abs,MetSea,MK,0,0,0,0,0,,,,,,,,,-0.00112353597731218,0.000788845640760939,0,0.000561634787962789,NaN,,,,,,,,,0.000936599126150018,0.0027401164853689,0.000802752112506704,0.00139485562577859,NaN,,,,,,,,,-0.0031606207650436,-0.00126027460231118,-0.00103788895724349,0,NaN,,,,,,,,
SUM,2019,10,daily,BaGall_A11,abs,month,MK,0,0,0,0,0,0,0,0,0,0,0,0,0,0.00109512289924896,6.69273837155133e-05,-0.000588180300861248,0.000747820036229164,-0.00423906089062265,-0.000242969050090273,0.00247307169062848,-0.00120831399078468,0.000346415571428742,-0.00129368768384125,4.04355823607816e-05,0.000618936573881386,NaN,0.00242619039545343,0.00196433468894335,0.00217842496767054,0.00498842824755713,-0.000486810654658227,0.00354678266972433,0.00532109960790198,0.00269616586567228,0.00188634829635385,0.000493991504318245,0.00212265155189491,0.00198487860396127,NaN,0,-0.00142161461892768,-0.00344265537843909,-0.00335372763779523,-0.00822339185994725,-0.00424990081633708,-0.000319552166304308,-0.00573734119349742,-0.000909644704375675,-0.00320289708441061,-0.00161943432985408,-0.000443234197204418,NaN
SUM,2018,10,daily,BaGall_A11,abs,y,MK,0,,,,,,,,,,,,,-6.31951547365564e-05,,,,,,,,,,,,,0.000397220675704952,,,,,,,,,,,,,-0.000558725308467506,,,,,,,,,,,,
SUM,2018,10,daily,BaGall_A11,abs,MetSea,MK,0,0,0,0,0,,,,,,,,,-0.000393314581734719,-0.000903534518222852,-0.000540189956320825,0.00056236804222288,NaN,,,,,,,,,0.00179575150750403,0.000902126231592889,0.000504300032504424,0.00154147251574325,NaN,,,,,,,,,-0.00256338867975504,-0.00290137096933618,-0.00179604780531412,-0.00018538669905508,NaN,,,,,,,,
SUM,2018,10,daily,BaGall_A11,abs,month,MK,0,0,0,0,0,0,0,0,0,0,0,0,0,0.000727142823124921,0.000567039406068474,0.000303276892100679,0.00130767059142474,-0.00380849733001382,-0.00440354819342906,0.000674142465759879,-7.40268714493427e-05,-0.000417367272177091,-0.00150333286804291,0,0.000573256967581038,NaN,0.00235538936534066,0.00243597522420001,0.00330470790912891,0.00528940282913951,0.000456619337495268,-0.000746852734336226,0.00330856383136122,0.00318054123143925,0.00122116118970159,0.000833048598805627,0.00219970112027963,0.00215352950884128,NaN,-0.000729599055866245,-0.00124956827915838,-0.00272779322412619,-0.00281733289576009,-0.00832135967625665,-0.00791734832213029,-0.00216233360960976,-0.00351172838798801,-0.00216722987730577,-0.00392208320693189,-0.00228775025497142,-0.000729053349843895,NaN
SUM,2017,10,daily,BaGall_A11,abs,y,MK,0,,,,,,,,,,,,,-0.000201765788752118,,,,,,,,,,,,,0.000362466925715901,,,,,,,,,,,,,-0.000792097116492291,,,,,,,,,,,,
SUM,2017,10,daily,BaGall_A11,abs,MetSea,MK,0,0,0,0,0,,,,,,,,,-0.000537645258187536,-0.000335752916277501,-0.000677884285657937,0.000333711550351045,NaN,,,,,,,,,0.00196536854790811,0.00168355048133429,0.000577157350265863,0.00156674574843823,NaN,,,,,,,,,-0.00298967953561215,-0.0024044269636858,-0.00209872052400668,-0.000714011462284318,NaN,,,,,,,,
SUM,2017,10,daily,BaGall_A11,abs,month,MK,0,0,0,0,0,0,0,0,0,0,0,0,0,0.000220958477411884,0.00126372441777874,0.000695447945901748,0.00100673190990564,-0.00630898509741868,-0.00484911120246072,0.000610619174046532,0.00155525749899086,-0.000277218212373719,-0.00134273719741664,-0.00108962644961632,0,NaN,0.00226544373118501,0.00376980962409524,0.00404104028982622,0.00550469417982942,-0.000720888532292872,-0.000868844119301557,0.0036333746650304,0.00544630947446783,0.00152225202511413,0.00138923963948861,0.00162832179642481,0.00175007798460864,NaN,-0.00139360374162768,-0.00116701846467254,-0.00275491781878657,-0.00342855656564908,-0.0126946009481789,-0.00861658437090317,-0.00242029081313946,-0.00221462924053503,-0.0022045384312677,-0.00430640817214912,-0.00377506949914979,-0.00205083125889687,NaN
SUM,2016,10,daily,BaGall_A11,abs,y,MK,-1,,,,,,,,,,,,,0.000567522852397312,,,,,,,,,,,,,0.00116584920476931,,,,,,,,,,,,,-3.84653779643725e-05,,,,,,,,,,,,
SUM,2016,10,daily,BaGall_A11,abs,MetSea,MK,0,-1,0,0,0,,,,,,,,,0.00201645656556142,0.00192956488480882,-0.00100043660569542,0.000237324118388475,NaN,,,,,,,,,0.0044076689618608,0.0039343730785925,0.000493531617526333,0.00146483048751974,NaN,,,,,,,,,-0.000373497774836786,-5.76076101763672e-05,-0.00264072518480412,-0.000892402217791072,NaN,,,,,,,,
SUM,2016,10,daily,BaGall_A11,abs,month,MK,0,0,0,0,0,0,0,0,0,0,0,0,0,0.00136275347373021,0.00101626417569364,0.00134378324698256,0.00381528861281908,0.00019573280894168,0.00127086544120899,0.00299678826065483,0.000850019618938242,-0.00036284330152818,-0.00223679987242544,-0.000780726232493272,-0.00137940843597836,NaN,0.00321655972320449,0.00355653429053852,0.00460387732805828,0.0083387458154749,0.00492167265817368,0.00499696464653027,0.00653321480639554,0.00461501621436731,0.00164437625549981,0.000930205207815637,0.00238285699151333,0.000603365438787189,NaN,-0.000377098536220248,-0.0015393790525663,-0.00192086343791228,-0.0009394998625825,-0.00458573444631037,-0.0024078463088458,-0.000715881991491879,-0.00269289700922831,-0.00246292802126198,-0.00567448519663275,-0.00392932360554127,-0.00365739150053925,NaN
SUM,2015,10,daily,BaGall_A11,abs,y,MK,95,,,,,,,,,,,,,0.0012599365143356,,,,,,,,,,,,,0.001828066029896,,,,,,,,,,,,,0.000688378721422368,,,,,,,,,,,,
SUM,2015,10,daily,BaGall_A11,abs,MetSea,MK,-1,95,0,-1,95,,,,,,,,,0.00299722674962819,0.0036882579688429,-0.000342331553352488,0.000218648852326265,NaN,,,,,,,,,0.00547403834169954,0.00581982885085827,0.00140576706923002,0.00141677609803613,NaN,,,,,,,,,0.000516866297960934,0.00160458907664589,-0.0022052293098356,-0.000890139946478785,NaN,,,,,,,,
SUM,2015,10,daily,BaGall_A11,abs,month,MK,-1,0,-1,95,0,-1,95,-1,0,0,0,0,95,0.000686004958579129,0.000460326902187693,0.00215926574435168,0.00736155191154833,-0.00159660030536745,0.00429262685534687,0.00448106862120085,0.0022278348552989,2.96030821120614e-05,-0.0021825075698079,0.00055078777502568,-0.000228335094094186,NaN,0.00266192888108426,0.00274117322028654,0.00549028427260196,0.0124874329638664,0.0031405453530523,0.00817398216852752,0.00792697368946658,0.00628073618074801,0.00281941048269486,0.00140640565481923,0.00382282445797748,0.00169482578676535,NaN,-0.00116755571671186,-0.00170284537194503,-0.000952165230637556,0.00240704597365456,-0.00659281778036294,0.000279517844304624,0.00118458980246799,-0.00115516616975758,-0.0026212817095116,-0.00594692643595814,-0.00283948573060726,-0.00263413714861301,NaN
SUM,2024,10,daily,BbsG20_S11,neph,y,MK,95,,,,,,,,,,,,,0.00708284273793016,,,,,,,,,,,,,0.00845016022347816,,,,,,,,,,,,,0.00572775948542106,,,,,,,,,,,,
SUM,2024,10,daily,BbsG20_S11,neph,MetSea,MK,95,95,95,95,95,,,,,,,,,0.00877695396281535,0.00801262340483187,0.00598868781527479,0.00435905184932232,NaN,,,,,,,,,0.0129860721144285,0.0128750651527406,0.00851225296028538,0.00640290462705694,NaN,,,,,,,,,0.00464111473430527,0.00340173477587066,0.0034132371764624,0.00232741562708759,NaN,,,,,,,,
SUM,2024,10,daily,BbsG20_S11,neph,month,MK,-1,95,-1,95,95,-1,95,95,95,95,95,95,95,0.00245487534980562,0.00272721104154332,0.00523776073950188,0.00846724637932652,0.0119881756847665,0.00074194774973278,0.0140124572172252,0.00904586733920278,0.0108753774894256,0.00810091731685601,0.00307258074950981,0.00720863198521933,NaN,0.00668241521078886,0.00632592773019931,0.0107689912347092,0.0150826253540944,0.0204698552072018,0.00819616075426123,0.0231623786901255,0.0182896094121245,0.0172562447944122,0.0120223991989855,0.00665103496275004,0.0102989333795647,NaN,-0.00160585662515096,-0.000797179502600411,-0.000249519618596059,0.00120824930556388,0.00210327000438355,-0.00606171745254471,0.00538364541939704,0.000651140903441762,0.00504056940512126,0.00407739066828146,-0.000415285623918852,0.00420538638907414,NaN
SUM,2023,10,daily,BbsG20_S11,neph,y,MK,95,,,,,,,,,,,,,0.00665078538053884,,,,,,,,,,,,,0.00809379310234428,,,,,,,,,,,,,0.00522210564502255,,,,,,,,,,,,
SUM,2023,10,daily,BbsG20_S11,neph,MetSea,MK,95,95,95,95,95,,,,,,,,,0.00621897535733452,0.00914381222916774,0.00458071275420763,0.00406505394113207,NaN,,,,,,,,,0.0104400147994957,0.0142917582237725,0.00746567303145302,0.00601751635586694,NaN,,,,,,,,,0.00212698935617568,0.00404371069892292,0.00174633944643456,0.00215327980606456,NaN,,,,,,,,
SUM,2023,10,daily,BbsG20_S11,neph,month,MK,95,95,95,-1,95,-1,95,95,95,95,-1,95,95,0.00233523179777674,0.0035655132734897,0.00642429596271707,-0.0018440475575793,0.0133982467079458,0.00114827664801664,0.0197740155537858,0.0112834398665057,0.0112738231668901,0.00693299240261006,0.000592483603850454,0.00673652974614109,NaN,0.00569369565408129,0.00692599759773985,0.0117686566496946,0.00534439045634787,0.022894611382701,0.00828247801288869,0.0318934573451387,0.021605311821369,0.01859792825476,0.0113770565732349,0.00453809739740207,0.0102867902894659,NaN,-0.000790303886628992,0.000231410470152769,0.00117768565811046,-0.00901670162700442,0.00283519988536087,-0.00569144193121965,0.00830946341361122,0.00156228279972206,0.00442071827774211,0.00253443144288044,-0.00340606486229723,0.00347626271193191,NaN
SUM,2022,10,daily,BbsG20_S11,neph,y,MK,95,,,,,,,,,,,,,0.00474381094041661,,,,,,,,,,,,,0.00586766401400972,,,,,,,,,,,,,0.0036227849882134,,,,,,,,,,,,
SUM,2022,10,daily,BbsG20_S11,neph,MetSea,MK,-1,-1,95,95,95,,,,,,,,,0.0029810697971039,0.00267708412570299,0.00359546892508605,0.00403668303401515,NaN,,,,,,,,,0.00654986543625121,0.00678577275077373,0.00598443339809654,0.00576378707326067,NaN,,,,,,,,,-0.000569615761910211,-0.00134534693289973,0.00132168801829452,0.0023204515838873,NaN,,,,,,,,
SUM,2022,10,daily,BbsG20_S11,neph,month,MK,95,95,-1,0,95,-1,-1,-1,95,95,-1,95,95,0.00328040550826401,0.00316352823183126,0.00361565306640916,-0.00444642149756195,0.00795262948768817,-0.00140252389635485,0.00565919442447864,0.00770191564726157,0.0100817447784859,0.00479274874258976,-0.000432581066824567,0.00677056631863461,NaN,0.00617930823480676,0.00620814142579262,0.00810151146199071,0.00250234777795041,0.0157995398335929,0.00409930963262632,0.0155944595519144,0.0165031927290213,0.0157733565527683,0.00834078811038255,0.00287000163488736,0.010000902124153,NaN,0.000551719262312227,-8.46391661601604e-06,-0.000788438850325065,-0.0112504345862064,0.000363284435641631,-0.00669357574439402,-0.0032767081711335,-0.000853356773457214,0.00438622258265609,0.00107896929610809,-0.00356982130171026,0.00359704455769532,NaN
SUM,2021,10,daily,BbsG20_S11,neph,y,MK,95,,,,,,,,,,,,,0.00399144864193644,,,,,,,,,,,,,0.00496706872450497,,,,,,,,,,,,,0.0030168601192876,,,,,,,,,,,,
SUM,2021,10,daily,BbsG20_S11,neph,MetSea,MK,-1,-1,95,95,95,,,,,,,,,0.00100242231045944,0.000702391671076066,0.00479886253769451,0.00280220927641381,NaN,,,,,,,,,0.0046691294111791,0.0049596816241477,0.00727083943586363,0.00440436226437304,NaN,,,,,,,,,-0.00254427366267784,-0.00343815317902366,0.00232373533448345,0.00125726324199143,NaN,,,,,,,,
SUM,2021,10,daily,BbsG20_S11,neph,month,MK,-1,-1,-1,0,-1,0,-1,0,95,95,-1,95,95,0.00225672631415196,0.00130947042333379,0.00226157900718634,-0.0023517775138552,0.00217831793314779,-0.00422816880511868,0.00667540659650915,0.000661565269675095,0.0114226088935939,0.0056936612739472,0.00118085926726997,0.00541563644152881,NaN,0.00481719368702881,0.00436064651464706,0.00665023403565634,0.00475042215786284,0.00915858935151959,0.00189814052991295,0.013696169430678,0.0103684050736468,0.0173098965917542,0.00945099974152386,0.00443725672632249,0.0080843873395781,NaN,-0.000407822405917875,-0.00163555301802512,-0.00252604237081625,-0.00924201898045165,-0.00499885099742848,-0.0109738401601301,-0.000222084352600727,-0.00901323997433294,0.00552283541967197,0.00154817555567053,-0.00216750869124003,0.00233891046928251,NaN
SUM,2024,10,daily,expS_bg,neph,y,MK,95,,,,,,,,,,,,,-0.025411499310989,,,,,,,,,,,,,-0.016978636080511,,,,,,,,,,,,,-0.0339088625659248,,,,,,,,,,,,
SUM,2024,10,daily,expS_bg,neph,MetSea,MK,95,95,95,95,95,,,,,,,,,-0.0179948360131635,-0.0221942386907907,-0.0393965727401335,-0.0490685384236239,-0.0307954057154621,,,,,,,,,-0.00585632408473443,-0.0109824255044927,-0.0159398411199196,-0.0224038812991999,-0.0134611333122062,,,,,,,,,-0.0300305018076671,-0.033472202881024,-0.0631578090736456,-0.0764060604549986,-0.0483150059773348,,,,,,,,
SUM,2024,10,daily,expS_bg,neph,month,MK,95,0,0,95,0,0,95,0,-1,0,95,0,95,-0.0645879363286944,-0.0377040524123501,-0.00404258975010882,-0.0353160532751666,-0.0126494049367602,-0.00497231890458223,-0.0314878893827633,-0.0228742340347577,-0.0332963371050645,0.00775320997489404,-0.090464913502503,-0.0468283687695412,NaN,-0.0130566662321473,0.00777647663509835,0.0300659341036855,-0.016335724189334,0.00223998964476145,0.0129420412207645,-0.0112698643519531,-0.0007007689314995,-0.00472681669132467,0.0570712199060681,-0.0397659753545981,-0.000861445411692914,NaN,-0.11962350240692,-0.0828455898080026,-0.0357187763089165,-0.0556542137307398,-0.028619343553558,-0.0239568716229571,-0.051653679428736,-0.0438262535494151,-0.0661801017211123,-0.0367440373910023,-0.141037234064229,-0.0929236378409215,NaN
SUM,2023,10,daily,expS_bg,neph,y,MK,0,,,,,,,,,,,,,-9.11437800183028e-05,,,,,,,,,,,,,0.0082320713420689,,,,,,,,,,,,,-0.00836058602433557,,,,,,,,,,,,
SUM,2023,10,daily,expS_bg,neph,MetSea,MK,0,0,95,0,0,,,,,,,,,0.0122547587050849,0.000265941933149193,-0.025429636228402,-0.00154577410398001,NaN,,,,,,,,,0.0243256011003502,0.011648548226004,-0.00338891212337515,0.0253519259898025,NaN,,,,,,,,,0.000291106766044254,-0.0113435156058406,-0.0475404446580326,-0.0276064395067227,NaN,,,,,,,,
SUM,2023,10,daily,expS_bg,neph,month,MK,0,0,95,0,0,0,0,0,95,0,0,0,0,-0.0200655206297066,0.0170608200679474,0.0414145416981885,-0.000543430913896889,0.00332469734959725,0.0191455802543037,-0.0150200928904282,0.000520271381682541,-0.0336573478483662,-0.00326076486409207,-0.0336575943774677,-0.00589691125512705,NaN,0.0347859991235706,0.0652114732959283,0.0711264712315222,0.0190128717370008,0.0192500882050727,0.0403356123204305,0.00519908782282206,0.020821847182256,-0.00663410589718745,0.0409233972909087,0.0164902023809398,0.0349148268850471,NaN,-0.0764317722769507,-0.0280515593479453,0.0120812405442097,-0.0200101234377242,-0.0124247894318056,0.000395824396584372,-0.0358457616300941,-0.0203408119588634,-0.0645973744166803,-0.0438695870461406,-0.0841312178779717,-0.0454912247686037,NaN
SUM,2022,10,daily,expS_bg,neph,y,MK,95,,,,,,,,,,,,,0.0424465390290404,,,,,,,,,,,,,0.0512146936802974,,,,,,,,,,,,,0.0337107697994605,,,,,,,,,,,,
SUM,2022,10,daily,expS_bg,neph,MetSea,MK,95,95,0,95,95,,,,,,,,,0.0420362435809042,0.0289857213408582,0.0154600852537024,0.0929748671829723,NaN,,,,,,,,,0.0538773336042979,0.0427769629712608,0.0385405304290935,0.119868242664126,NaN,,,,,,,,,0.0303828561425292,0.0148408707319946,-0.00729874372369196,0.0662554167220435,NaN,,,,,,,,
SUM,2022,10,daily,expS_bg,neph,month,MK,95,95,95,95,95,95,0,-1,0,0,0,-1,95,0.0933739841904648,0.119923954668413,0.0735391191175714,0.0386680933329235,0.021448073353072,0.0500926020970309,0.0184367105211498,0.025866708660553,-0.00378904021681042,0.0327988881270873,0.0243757201080188,0.0641096089205507,NaN,0.143538764721309,0.162647217972715,0.10178699962309,0.0569749316290221,0.0360912295519918,0.0724558895719727,0.0429998130467536,0.0526623163802912,0.0272722169053217,0.0768408055843818,0.0738970709695448,0.116576249462835,NaN,0.0458985004382518,0.078829497690762,0.0461794286330031,0.0194021778049625,0.00737387878656813,0.0274538655342022,-0.0078313182020386,0.000933395915211997,-0.0361514168926413,-0.00866784620823653,-0.0239112114637142,0.0150164058903015,NaN
SUM,2021,10,daily,expS_bg,neph,y,MK,95,,,,,,,,,,,,,0.060529686164752,,,,,,,,,,,,,0.0691014460492954,,,,,,,,,,,,,0.0519540618656318,,,,,,,,,,,,
SUM,2021,10,daily,expS_bg,neph,MetSea,MK,95,95,95,95,95,,,,,,,,,0.0601071188342149,0.0484744686507046,0.0627475130751665,0.0867340703885061,NaN,,,,,,,,,0.0719283496534636,0.0611723772180704,0.0853356976540269,0.114073564808998,NaN,,,,,,,,,0.0483430458728845,0.0355811650110083,0.0409077459456738,0.059148257534323,NaN,,,,,,,,
SUM,2021,10,daily,expS_bg,neph,month,MK,95,95,95,95,95,95,95,95,0,95,95,95,95,0.0960517577792413,0.0951173961099744,0.103525792602333,0.0629469624941917,0.0229802548168214,0.0572056158521675,0.0451206704177039,0.0466695812767521,0.0219113192531985,0.0757058109925636,0.0897459602100331,0.0729004665457307,NaN,0.145474595399576,0.143845952462008,0.129964038119379,0.082845987204651,0.0373953053860429,0.0786621916894728,0.0684764023751254,0.0684380237408866,0.0565743778479814,0.117610793098966,0.131352808016412,0.118832248760323,NaN,0.0441760677742636,0.0483590054371075,0.0769346123628298,0.042841159178302,0.00810081384395452,0.0355099538094541,0.0208429461903271,0.0241515627774741,-0.0117920417349278,0.0388998850016178,0.0481514998786942,0.0271734575970241,NaN
SUM,2020,10,daily,expS_bg,neph,y,MK,95,,,,,,,,,,,,,0.0540269319569597,,,,,,,,,,,,,0.0631572174883639,,,,,,,,,,,,,0.0449738365523743,,,,,,,,,,,,
SUM,2020,10,daily,expS_bg,neph,MetSea,MK,95,95,95,95,95,,,,,,,,,0.0623652985619645,0.0473862166344216,0.0525323502754087,0.083532286301253,NaN,,,,,,,,,0.0755739463610846,0.0604619250449855,0.0744029897335963,0.113829389559307,NaN,,,,,,,,,0.0493064723228755,0.0344902156400418,0.0312847814989982,0.053273932959336,NaN,,,,,,,,
SUM,2020,10,daily,expS_bg,neph,month,MK,95,95,95,95,0,95,95,95,-1,0,95,95,95,0.0924147781187122,0.0912999582780745,0.117498350875491,0.0753705510848729,0.018183377971179,0.0381701067991016,0.0308515119044092,0.0751939601152514,0.0408696252400451,0.0306222900409429,0.0854894390710305,0.072338364717375,NaN,0.149673071146138,0.149948040135326,0.148940978348822,0.0978832616512799,0.0346086149139873,0.0615982697615526,0.0526606331382595,0.100668827006122,0.0769831823839185,0.0669233700825091,0.123447165449575,0.119056004826673,NaN,0.0331136702273998,0.0374099655162663,0.0870373299637887,0.0520933084108325,0.00142372277280029,0.0165154035015418,0.0104365349215353,0.0516647629383242,0.00607370798417095,-0.00542774339839168,0.0446208742568058,0.0268031759370834,NaN
SUM,2024,10,daily,expA_bg,abs,y,MK,95,,,,,,,,,,,,,-0.0215232543225254,,,,,,,,,,,,,-0.0133381893903423,,,,,,,,,,,,,-0.0305890504170232,,,,,,,,,,,,
SUM,2024,10,daily,expA_bg,abs,MetSea,MK,95,95,95,95,95,,,,,,,,,-0.0210307072387837,-0.0265038844420355,0,0,NaN,,,,,,,,,-0.00701623647907787,-0.00594665613913456,0,0,NaN,,,,,,,,,-0.0344843284503685,-0.0438358921431109,0,0,NaN,,,,,,,,
SUM,2024,10,daily,expA_bg,abs,month,MK,95,95,95,0,95,95,95,95,0,95,0,95,95,0,0,0,0,-0.0468050131040888,-0.0402695531835899,0,0,0,0,0,0,NaN,0,0,0,3.88909095918662e-16,-0.0314855571355229,-0.013831486905289,0,0,0,0,0,0,NaN,0,0,-0.0418918713550501,-0.0196303495945535,-0.0615917520238825,-0.0639065363908937,-0.0333994940302528,-0.0484986940900447,0,0,0,0,NaN
SUM,2023,10,daily,expA_bg,abs,y,MK,95,,,,,,,,,,,,,-0.0319955621789028,,,,,,,,,,,,,-0.0227863642780141,,,,,,,,,,,,,-0.0418264566321091,,,,,,,,,,,,
SUM,2023,10,daily,expA_bg,abs,MetSea,MK,95,95,95,95,95,,,,,,,,,-0.0281995931708261,-0.033048020638037,0,0,NaN,,,,,,,,,-0.0163841398550367,-0.0162675616291017,0,0,NaN,,,,,,,,,-0.0392122724487818,-0.0482152488054839,0,0,NaN,,,,,,,,
SUM,2023,10,daily,expA_bg,abs,month,MK,95,95,95,95,95,95,95,95,95,95,95,95,95,0,0,0,-0.0222386510336097,-0.0492874897110816,-0.0451497112403946,0,-0.0333676861039322,0,0,0,0,NaN,0,0,0,-0.00443115960467744,-0.0340016366547121,-0.0201050754575184,0,0,0,0,0,0,NaN,0,-0.017910537124033,-0.0309086833323441,-0.0381857835922504,-0.0650028793544058,-0.0684204629227008,-0.031521247545156,-0.0652498586934067,0,-0.0347377056106291,-0.0197377339084716,0,NaN
SUM,2022,10,daily,expA_bg,abs,y,MK,95,,,,,,,,,,,,,-0.0389774267146544,,,,,,,,,,,,,-0.0271507043102964,,,,,,,,,,,,,-0.0505772276877728,,,,,,,,,,,,
SUM,2022,10,daily,expA_bg,abs,MetSea,MK,95,95,95,95,95,,,,,,,,,-0.0240635244720837,-0.0490853828878373,0,0,NaN,,,,,,,,,-0.0126225245808175,-0.0296081877142414,0,0,NaN,,,,,,,,,-0.0350888717623545,-0.067347601787225,0,0,NaN,,,,,,,,
SUM,2022,10,daily,expA_bg,abs,month,MK,95,95,95,95,95,95,95,95,95,95,95,95,95,0,0,0,-0.0364059903804458,-0.0225076328994805,-0.0379416316672897,-0.0325279357598438,-0.0532388478514143,0,0,0,0,NaN,0,0,0,-0.0209682996912991,-0.00684889390943626,-0.0108145040954966,0,-0.00876840197627708,0,0,0,0,NaN,0,0,-0.0353096245283487,-0.0513268585650177,-0.0379185626873698,-0.0677768188485628,-0.0643629268957254,-0.0937360591935142,0,-0.0802014302807524,-0.0557850714365527,0,NaN
SUM,2021,10,daily,expA_bg,abs,y,MK,95,,,,,,,,,,,,,-0.0361927487693922,,,,,,,,,,,,,-0.0267048613735221,,,,,,,,,,,,,-0.046332554922511,,,,,,,,,,,,
SUM,2021,10,daily,expA_bg,abs,MetSea,MK,95,95,95,95,95,,,,,,,,,-0.0223744810931847,-0.0527303126106084,0,0,NaN,,,,,,,,,-0.0112751700171827,-0.0358347795132709,0,0,NaN,,,,,,,,,-0.0332877916490233,-0.0693150818578842,0,0,NaN,,,,,,,,
SUM,2021,10,daily,expA_bg,abs,month,MK,95,95,95,95,0,95,95,95,95,95,95,0,95,0,0,-5.45527748534984e-16,-0.0439294531175554,-0.00964005293028666,-0.0420031510645988,-0.0499511202981346,-0.0448118814316077,0,0,0,0,NaN,0,0,0,-0.0298602578747354,0,-0.0167877352380938,-0.010456530665208,-0.00929106742077593,0,0,0,0,NaN,0,-0.0558519273139881,-0.0354202876354062,-0.0584611753680607,-0.024885708122168,-0.0701842877477097,-0.0789575416417373,-0.0736657798054928,0,-0.0241833286675688,-0.0374776151814692,0,NaN
SUM,2020,10,daily,expA_bg,abs,y,MK,95,,,,,,,,,,,,,-0.00130749561949683,,,,,,,,,,,,,0,,,,,,,,,,,,,-0.0162397563359313,,,,,,,,,,,,
SUM,2020,10,daily,expA_bg,abs,MetSea,MK,95,95,95,95,95,,,,,,,,,-0.0130486027860343,-0.0172350946690705,0,0,NaN,,,,,,,,,0,0,0,0,NaN,,,,,,,,,-0.02639973492178,-0.0402796431639709,0,0,NaN,,,,,,,,
SUM,2020,10,daily,expA_bg,abs,month,MK,95,95,0,95,0,95,95,95,0,0,95,0,95,0,0,0,-0.0433880120104979,-0.000886121864802281,-0.0219572397790445,0,-0.0153908120292266,0,0,0,0,NaN,0,0,0,-0.0258615636350413,0.00602144243814728,0,0,0,0,0,0,0,NaN,0,-0.0741866248849326,-0.0194349592359235,-0.0630371368611786,-0.0191668517439652,-0.0484911979393775,-0.0244349906345354,-0.0732736597690453,0,0,0,0,NaN
SUM,2025,10,daily,BbsFG_S11,neph,y,MK,95,,,,,,,,,,,,,0.00398215504310302,,,,,,,,,,,,,0.00492728390744363,,,,,,,,,,,,,0.00303715261367694,,,,,,,,,,,,
SUM,2025,10,daily,BbsFG_S11,neph,MetSea,MK,95,0,95,95,95,,,,,,,,,0.00391172488933548,0.000106346273949743,0.0071087336896594,0.00734110875966682,NaN,,,,,,,,,0.00518601833351339,0.00142448105363733,0.00983621654357297,0.0105560522298657,NaN,,,,,,,,,0.00268311074946519,-0.00122745862569103,0.00447564927002202,0.00402663764954386,NaN,,,,,,,,
SUM,2025,10,daily,BbsFG_S11,neph,month,MK,95,0,95,95,95,0,0,0,0,95,95,0,95,0.0148208189786066,0.0040289585627215,0.00481211536262917,0.00397488904400259,0.00371952069491085,0.00134165759797433,-0.00100676042275406,0.00141420808132328,0.00386017968112054,0.00745459734329597,0.0071107781798443,0.0033076700932018,NaN,0.0205016800821048,0.00947155806401879,0.00793230968829665,0.00599672206725095,0.0054572802247854,0.00383248112601981,0.00113336024591575,0.00372666453979602,0.00753166302544224,0.0118213602113749,0.0130313854523728,0.00895390270710302,NaN,0.0091658531271342,-0.00152459807272396,0.00175048947510977,0.00195327302284253,0.00207360357251104,-0.00109997188697987,-0.00332934036325398,-0.00107465064613892,0.000173410110037587,0.00319129569750886,0.00106171513562684,-0.0026670452055744,NaN
SUM,2024,10,daily,BsG20_S11,neph,y,MK,95,,,,,,,,,,,,,0.0208632664757406,,,,,,,,,,,,,0.0277839030739757,,,,,,,,,,,,,0.0140364388207426,,,,,,,,,,,,
SUM,2024,10,daily,BsG20_S11,neph,MetSea,MK,95,-1,95,95,95,,,,,,,,,0.0309455806348066,0.0318714990400419,0.0191883944239377,0.0074983026312382,NaN,,,,,,,,,0.0551714284111879,0.0645150717781006,0.0309356762808227,0.0143382052295633,NaN,,,,,,,,,0.00876887760653141,0.00168486113541419,0.00785302166526125,0.000770954183010655,NaN,,,,,,,,
SUM,2024,10,daily,BsG20_S11,neph,month,MK,-1,-1,-1,-1,-1,0,-1,-1,95,95,-1,95,95,0.000858069435748092,0.00538531558737039,0.0131481579136958,0.0306561033644697,0.0395092448940572,-0.0125739518486997,0.0685290200587437,0.041855499459594,0.063415249766349,0.0215858715631318,0.0101142535558025,0.0160765436041716,NaN,0.0122989699478023,0.019021500556924,0.0393398454786247,0.0742723634878238,0.101719059564618,0.0328943197579711,0.130924793051773,0.109939848375229,0.0992887337415579,0.0427056486842718,0.0218676519355653,0.0268254853503063,NaN,-0.0105522285475201,-0.00807088914427656,-0.0113409378107197,-0.00824359895130211,-0.0178887811352644,-0.0586211958964649,0.0104269808804453,-0.0148523062587371,0.0261734437661156,0.00137802635245999,-0.00171005538510151,0.00581919364872755,NaN
SUM,2023,10,daily,BsG20_S11,neph,y,MK,95,,,,,,,,,,,,,0.0165900083359925,,,,,,,,,,,,,0.0238948436608087,,,,,,,,,,,,,0.00927399948381927,,,,,,,,,,,,
SUM,2023,10,daily,BsG20_S11,neph,MetSea,MK,-1,-1,95,95,95,,,,,,,,,0.0168221638658391,0.0364611646145176,0.0112558117786107,0.00738836744047664,NaN,,,,,,,,,0.0417789778959504,0.0717135870041184,0.0236740634278358,0.0136616016540062,NaN,,,,,,,,,-0.00896616185140817,0.00329113973899902,-0.000718007429744094,0.000962749648267856,NaN,,,,,,,,
SUM,2023,10,daily,BsG20_S11,neph,month,MK,-1,-1,-1,0,0,0,95,0,95,-1,-1,95,95,0.003933624310833,0.00512046021183923,0.0217847682622407,-0.0299681822176924,0.0438797942237476,-0.0186068055582112,0.10896239821679,0.05102273335346,0.0525873885016779,0.0152688805078689,0.00360024448169744,0.0148226058494114,NaN,0.0138719254599811,0.0176528151628773,0.0505506411228108,0.0174502121067751,0.116928500026662,0.0261421238350499,0.191892024873916,0.132190548215484,0.0968254104071723,0.0385317842505035,0.0167767392657704,0.0258283182264453,NaN,-0.00636603214530954,-0.00702897751634045,-0.0063346746392242,-0.0772511252318793,-0.0250161400904728,-0.0646795367574641,0.0336061337204486,-0.0160486922986471,0.0107834331850111,-0.00601990167367229,-0.0090804684819122,0.00390193998425558,NaN
SUM,2022,10,daily,BsG20_S11,neph,y,MK,0,,,,,,,,,,,,,0.00267482960521819,,,,,,,,,,,,,0.00833200141224552,,,,,,,,,,,,,-0.00299115612122374,,,,,,,,,,,,
SUM,2022,10,daily,BsG20_S11,neph,MetSea,MK,0,0,0,-1,0,,,,,,,,,-0.00721192915511173,-0.00967789319757251,0.00530394557950293,0.00640190590424147,NaN,,,,,,,,,0.0152133750276256,0.0169748023622543,0.0152667865374929,0.0119873716248979,NaN,,,,,,,,,-0.0296242232762565,-0.03633174597995,-0.00473392241298944,0.000759222550372837,NaN,,,,,,,,
SUM,2022,10,daily,BsG20_S11,neph,month,MK,0,0,0,0,0,0,0,0,95,0,0,0,0,0.00802074367778292,0.000733470654978392,0.00295436517467746,-0.0535869205407768,0.0116806680739627,-0.0390618790966554,0.0149883871418508,0.0146222074741844,0.0411245811758302,0.00399741643425605,-0.0049833123800562,0.0123723317400251,NaN,0.0162376961327049,0.0115134994504275,0.0270390120754132,-0.0079726225325477,0.0653407026555735,-0.00324957492675058,0.0716125168223156,0.0744547369504343,0.0720410970798062,0.021781930315261,0.00682808524309193,0.0236545705694797,NaN,-0.000699491635019808,-0.0109718878906832,-0.0216258747979929,-0.0959818094721549,-0.042048827758406,-0.072806282842874,-0.038794289303307,-0.0419557172422268,0.011364259002124,-0.014222643269441,-0.0164483660390329,0.00142440262298767,NaN
SUM,2021,10,daily,BsG20_S11,neph,y,MK,0,,,,,,,,,,,,,0.00153161295908535,,,,,,,,,,,,,0.00669916512244842,,,,,,,,,,,,,-0.00367086281368544,,,,,,,,,,,,
SUM,2021,10,daily,BsG20_S11,neph,MetSea,MK,0,0,0,0,0,,,,,,,,,-0.0161955452428371,-0.017810174864857,0.0111803928569609,0.00456717925715626,NaN,,,,,,,,,0.00774819496954997,0.013419076918594,0.0237331721400696,0.0100519954158871,NaN,,,,,,,,,-0.0410744254020841,-0.0500912507394539,-0.00109737985268666,-0.00107139036301897,NaN,,,,,,,,
SUM,2021,10,daily,BsG20_S11,neph,month,MK,0,0,0,0,0,95,0,0,95,0,0,0,0,0.00415137235330372,-0.00331538335688737,-0.00704395360923194,-0.0393724667488218,-0.0137649079948361,-0.0617858112967644,0.0301907960190674,-0.0229756725637611,0.0508758436712775,0.010371046699108,-0.00137452117904922,0.0119858507040221,NaN,0.0124681811171481,0.0084987141823871,0.0215303123397712,0.0093148513638013,0.0405868592346585,-0.0140801637903946,0.0771768844643448,0.0510491946453616,0.0866029125655112,0.0327864079397466,0.0132625320341786,0.0212505564619604,NaN,-0.00458915806079503,-0.0168456126808658,-0.0364617373307414,-0.0845007906328749,-0.0675820225933124,-0.107224420870349,-0.0176289504621139,-0.10978956736337,0.0150057489919206,-0.0117651285536795,-0.0164598408501466,0.0026520024680763,NaN
SUM,2024,10,daily,BaGall_A11,abs,y,MK,0,,,,,,,,,,,,,8.66893077874354e-05,,,,,,,,,,,,,0.000562756100207096,,,,,,,,,,,,,-0.000302887010760418,,,,,,,,,,,,
SUM,2024,10,daily,BaGall_A11,abs,MetSea,MK,0,0,95,0,0,,,,,,,,,0.000600701705471875,-0.0010005616967232,0.00146824189893914,0,NaN,,,,,,,,,0.00237217080273962,0.00073237872983767,0.00244308900965577,0.000333375883361758,NaN,,,,,,,,,-0.00108193052784793,-0.00272743592887622,0.00046924064891346,-0.000673662908677916,NaN,,,,,,,,
SUM,2024,10,daily,BaGall_A11,abs,month,MK,0,0,0,0,0,95,0,0,95,0,0,0,0,-0.000607881512581244,0,0.00045366977639015,0.000713135294542029,-0.0011083617204669,-0.00389057749981343,0.0017995666080708,0.000506099069456671,0.00343066043454339,0.00191838267679132,0,0.000402703225275072,NaN,7.58430499054979e-05,0.00109559577164847,0.00236889973888067,0.0041730072288938,0.00280318123896188,-0.00133555293235893,0.00549878103684936,0.003693112526871,0.00527647012027879,0.00371682967186306,0.00127507647036366,0.00154225724578174,NaN,-0.00180310577043344,-0.00109133824685565,-0.0012383591374436,-0.00268562409849957,-0.00504533356895864,-0.00653808648525166,-0.00208192933422685,-0.00230623560458566,0.00153334879003639,1.58384174430171e-05,-0.00124238482194137,-0.000504017848525672,NaN
SUM,2023,10,daily,BaGall_A11,abs,y,MK,0,,,,,,,,,,,,,-0.00028618474345277,,,,,,,,,,,,,0.000129883996174137,,,,,,,,,,,,,-0.000785713484945169,,,,,,,,,,,,
SUM,2023,10,daily,BaGall_A11,abs,MetSea,MK,0,0,0,0,0,,,,,,,,,-0.000522279089935838,-0.00117031568140341,0.000529049231305844,-0.000255388606674243,NaN,,,,,,,,,0.00150945977849786,0.00061030221356314,0.00156435207718203,0.000113526636421498,NaN,,,,,,,,,-0.00256918086676984,-0.00304277977933238,-0.000267202974375071,-0.00101517015114092,NaN,,,,,,,,
SUM,2023,10,daily,BaGall_A11,abs,month,MK,0,0,0,0,0,0,0,0,0,0,0,0,0,-0.000421740950909832,-0.000609884484464188,0.0006110619009595,-0.00382934914827524,-0.000870029396752398,-0.00323488281842556,0.000832920503490979,0.000221323321243469,0.00179139910362524,0.000964180535929678,-0.000223237608542181,0.000259351734299494,NaN,0.000313598040756175,0.000405366510545529,0.00278640980512076,0.000357354562333128,0.00414423336274141,-0.000517277929221284,0.0049404615345785,0.00356304449388555,0.00384806815979418,0.00271627885528021,0.000953251313490123,0.00161534170939586,NaN,-0.00159668853281754,-0.00194565341601648,-0.00149172760807728,-0.00809066250657046,-0.00564227787593554,-0.00593113146433074,-0.00323205994636422,-0.00282292136780896,0,-0.000821258986129804,-0.0018121471376875,-0.000840194844416442,NaN
SUM,2022,10,daily,BaGall_A11,abs,y,MK,95,,,,,,,,,,,,,-0.000841834589351355,,,,,,,,,,,,,-0.000372604678780079,,,,,,,,,,,,,-0.00130772927567068,,,,,,,,,,,,
SUM,2022,10,daily,BaGall_A11,abs,MetSea,MK,-1,95,0,-1,95,,,,,,,,,-0.00113438087164029,-0.00335974793861353,0.000119674586600448,-0.000121041864925259,NaN,,,,,,,,,0.000797810016369215,-0.00158857282858681,0.00111789953961307,0.000253410631045644,NaN,,,,,,,,,-0.00313929929609242,-0.00510938445749321,-0.000607812511442112,-0.000901161798020013,NaN,,,,,,,,
SUM,2022,10,daily,BaGall_A11,abs,month,MK,-1,-1,0,95,0,95,-1,0,0,0,-1,0,95,-0.000190236796587365,-0.000553228805381847,-0.000564191922471008,-0.00520759889152047,0.000572973572394372,-0.0041322796868886,-0.00357925046454738,-0.000949094961438959,0.00192106865232201,0.00011967458660045,-0.00102611024672572,0.00035869373118168,NaN,0.000582575305052347,0.000591345697379529,0.00160490921358001,-0.000831102587178132,0.00532118266517824,-0.00173964634331442,0.000119674586600591,0.0020833036959808,0.00372733116240182,0.00195689088518344,0.000179094684055071,0.00180218749901307,NaN,-0.00126354789886727,-0.00192601015144689,-0.00283375829452331,-0.00955264725530558,-0.00385667067641524,-0.00662007044552437,-0.00734203409698065,-0.00415329604538662,0.000119674586600447,-0.0014967751655237,-0.00253780325556625,-0.000819535009044725,NaN
SUM,2021,10,daily,BaGall_A11,abs,y,MK,95,,,,,,,,,,,,,-0.000950862162781792,,,,,,,,,,,,,-0.000496656857009214,,,,,,,,,,,,,-0.00141510646565815,,,,,,,,,,,,
SUM,2021,10,daily,BaGall_A11,abs,MetSea,MK,-1,95,0,-1,95,,,,,,,,,-0.00148361429113467,-0.00360581348110703,0.000151086507384947,-0.00024735785626308,NaN,,,,,,,,,0.000627122393947149,-0.00159820077004266,0.00122421926818629,0.000151086507384946,NaN,,,,,,,,,-0.00363866691406561,-0.00568583056392003,-0.000664561772084223,-0.000960089364582176,NaN,,,,,,,,
SUM,2021,10,daily,BaGall_A11,abs,month,MK,-1,-1,0,0,0,95,0,0,0,0,-1,0,95,-0.000433855642838931,-0.000951372288074065,-0.000677643127345825,-0.00323167702655596,-0.00195476664089958,-0.00550536231393878,-0.00119875683522864,-0.00294628179119842,0.00162611800801581,0.000151086507384945,-0.000673103644169924,0.000432982013039893,NaN,0.000171981204942849,0.000151086507384956,0.00182319822456819,0.00130446510455134,0.00241245175333985,-0.00247050739263662,0.00222213862045949,0.000813291556518809,0.00368698189551352,0.00195172602698404,0.00083515746129335,0.00169879888294945,NaN,-0.00146572426871585,-0.00247308014984732,-0.00330217589609986,-0.0077968978801443,-0.00612415389034876,-0.00861815251786314,-0.00470803017535091,-0.00712531075546378,-2.21333274367125e-05,-0.00177577855587248,-0.00235111475957418,-0.000581117806492275,NaN
SUM,2020,10,daily,BaGall_A11,abs,y,MK,95,,,,,,,,,,,,,-0.000604670603487969,,,,,,,,,,,,,-0.000152022362434261,,,,,,,,,,,,,-0.0010547102577325,,,,,,,,,,,,
SUM,2020,10,daily,BaGall_A11,abs,MetSea,MK,95,0,0,0,95,,,,,,,,,-0.00241080898255355,-0.00214056344635567,-3.82496361838934e-05,0,NaN,,,,,,,,,-0.0002832859850338,-0.000397146341556438,0.000666269323954845,0.000458643144092365,NaN,,,,,,,,,-0.00450201740066639,-0.00398940047582656,-0.0010804560572899,-0.000893160480689884,NaN,,,,,,,,
SUM,2020,10,daily,BaGall_A11,abs,month,MK,0,0,0,0,0,95,0,0,0,0,0,0,95,0,-0.000886502022493591,-0.00257318293667616,-0.000648451442140589,-0.00476507949109112,-0.00641334684796228,0.00108546273069406,-0.00217365023521898,0.000703812601730345,-0.00109131360311435,-0.000352470290378462,0.000327313670557071,NaN,0.00123320321021713,0.000633806456209609,0.000223878366212745,0.00386023493387949,-0.000716619457783372,-0.00299127008585046,0.00365691179838032,0.000219489679841567,0.00214150343997206,0.000517170058153869,0.0013237646676352,0.00156961253800038,NaN,-0.00112492556851801,-0.00252496001398729,-0.00535488877741104,-0.0049763214348422,-0.0088263004479108,-0.009848018937222,-0.00145907271942943,-0.00528841333184626,-0.000557282833986203,-0.00300097380750927,-0.00214480562611863,-0.000624152800758359,NaN
SUM,2019,10,daily,BaGall_A11,abs,y,MK,0,,,,,,,,,,,,,0.000134992104791028,,,,,,,,,,,,,0.000599526106453185,,,,,,,,,,,,,-0.000290387178221392,,,,,,,,,,,,
SUM,2019,10,daily,BaGall_A11,abs,MetSea,MK,0,0,0,0,0,,,,,,,,,-0.00112353597731218,0.000788845640760939,0,0.000561634787962789,NaN,,,,,,,,,0.000936599126150018,0.0027401164853689,0.000802752112506704,0.00139485562577859,NaN,,,,,,,,,-0.0031606207650436,-0.00126027460231118,-0.00103788895724349,0,NaN,,,,,,,,
SUM,2019,10,daily,BaGall_A11,abs,month,MK,0,0,0,0,0,0,0,0,0,0,0,0,0,0.00109512289924896,6.69273837155133e-05,-0.000588180300861248,0.000747820036229164,-0.00423906089062265,-0.000242969050090273,0.00247307169062848,-0.00120831399078468,0.000346415571428742,-0.00129368768384125,4.04355823607816e-05,0.000618936573881386,NaN,0.00242619039545343,0.00196433468894335,0.00217842496767054,0.00498842824755713,-0.000486810654658227,0.00354678266972433,0.00532109960790198,0.00269616586567228,0.00188634829635385,0.000493991504318245,0.00212265155189491,0.00198487860396127,NaN,0,-0.00142161461892768,-0.00344265537843909,-0.00335372763779523,-0.00822339185994725,-0.00424990081633708,-0.000319552166304308,-0.00573734119349742,-0.000909644704375675,-0.00320289708441061,-0.00161943432985408,-0.000443234197204418,NaN
SUM,2018,10,daily,BaGall_A11,abs,y,MK,0,,,,,,,,,,,,,-6.31951547365564e-05,,,,,,,,,,,,,0.000397220675704952,,,,,,,,,,,,,-0.000558725308467506,,,,,,,,,,,,
SUM,2018,10,daily,BaGall_A11,abs,MetSea,MK,0,0,0,0,0,,,,,,,,,-0.000393314581734719,-0.000903534518222852,-0.000540189956320825,0.00056236804222288,NaN,,,,,,,,,0.00179575150750403,0.000902126231592889,0.000504300032504424,0.00154147251574325,NaN,,,,,,,,,-0.00256338867975504,-0.00290137096933618,-0.00179604780531412,-0.00018538669905508,NaN,,,,,,,,
SUM,2018,10,daily,BaGall_A11,abs,month,MK,0,0,0,0,0,0,0,0,0,0,0,0,0,0.000727142823124921,0.000567039406068474,0.000303276892100679,0.00130767059142474,-0.00380849733001382,-0.00440354819342906,0.000674142465759879,-7.40268714493427e-05,-0.000417367272177091,-0.00150333286804291,0,0.000573256967581038,NaN,0.00235538936534066,0.00243597522420001,0.00330470790912891,0.00528940282913951,0.000456619337495268,-0.000746852734336226,0.00330856383136122,0.00318054123143925,0.00122116118970159,0.000833048598805627,0.00219970112027963,0.00215352950884128,NaN,-0.000729599055866245,-0.00124956827915838,-0.00272779322412619,-0.00281733289576009,-0.00832135967625665,-0.00791734832213029,-0.00216233360960976,-0.00351172838798801,-0.00216722987730577,-0.00392208320693189,-0.00228775025497142,-0.000729053349843895,NaN
SUM,2017,10,daily,BaGall_A11,abs,y,MK,0,,,,,,,,,,,,,-0.000201765788752118,,,,,,,,,,,,,0.000362466925715901,,,,,,,,,,,,,-0.000792097116492291,,,,,,,,,,,,
SUM,2017,10,daily,BaGall_A11,abs,MetSea,MK,0,0,0,0,0,,,,,,,,,-0.000537645258187536,-0.000335752916277501,-0.000677884285657937,0.000333711550351045,NaN,,,,,,,,,0.00196536854790811,0.00168355048133429,0.000577157350265863,0.00156674574843823,NaN,,,,,,,,,-0.00298967953561215,-0.0024044269636858,-0.00209872052400668,-0.000714011462284318,NaN,,,,,,,,
SUM,2017,10,daily,BaGall_A11,abs,month,MK,0,0,0,0,0,0,0,0,0,0,0,0,0,0.000220958477411884,0.00126372441777874,0.000695447945901748,0.00100673190990564,-0.00630898509741868,-0.00484911120246072,0.000610619174046532,0.00155525749899086,-0.000277218212373719,-0.00134273719741664,-0.00108962644961632,0,NaN,0.00226544373118501,0.00376980962409524,0.00404104028982622,0.00550469417982942,-0.000720888532292872,-0.000868844119301557,0.0036333746650304,0.00544630947446783,0.00152225202511413,0.00138923963948861,0.00162832179642481,0.00175007798460864,NaN,-0.00139360374162768,-0.00116701846467254,-0.00275491781878657,-0.00342855656564908,-0.0126946009481789,-0.00861658437090317,-0.00242029081313946,-0.00221462924053503,-0.0022045384312677,-0.00430640817214912,-0.00377506949914979,-0.00205083125889687,NaN
SUM,2016,10,daily,BaGall_A11,abs,y,MK,-1,,,,,,,,,,,,,0.000567522852397312,,,,,,,,,,,,,0.00116584920476931,,,,,,,,,,,,,-3.84653779643725e-05,,,,,,,,,,,,
SUM,2016,10,daily,BaGall_A11,abs,MetSea,MK,0,-1,0,0,0,,,,,,,,,0.00201645656556142,0.00192956488480882,-0.00100043660569542,0.000237324118388475,NaN,,,,,,,,,0.0044076689618608,0.0039343730785925,0.000493531617526333,0.00146483048751974,NaN,,,,,,,,,-0.000373497774836786,-5.76076101763672e-05,-0.00264072518480412,-0.000892402217791072,NaN,,,,,,,,
SUM,2016,10,daily,BaGall_A11,abs,month,MK,0,0,0,0,0,0,0,0,0,0,0,0,0,0.00136275347373021,0.00101626417569364,0.00134378324698256,0.00381528861281908,0.00019573280894168,0.00127086544120899,0.00299678826065483,0.000850019618938242,-0.00036284330152818,-0.00223679987242544,-0.000780726232493272,-0.00137940843597836,NaN,0.00321655972320449,0.00355653429053852,0.00460387732805828,0.0083387458154749,0.00492167265817368,0.00499696464653027,0.00653321480639554,0.00461501621436731,0.00164437625549981,0.000930205207815637,0.00238285699151333,0.000603365438787189,NaN,-0.000377098536220248,-0.0015393790525663,-0.00192086343791228,-0.0009394998625825,-0.00458573444631037,-0.0024078463088458,-0.000715881991491879,-0.00269289700922831,-0.00246292802126198,-0.00567448519663275,-0.00392932360554127,-0.00365739150053925,NaN
SUM,2015,10,daily,BaGall_A11,abs,y,MK,95,,,,,,,,,,,,,0.0012599365143356,,,,,,,,,,,,,0.001828066029896,,,,,,,,,,,,,0.000688378721422368,,,,,,,,,,,,
SUM,2015,10,daily,BaGall_A11,abs,MetSea,MK,-1,95,0,-1,95,,,,,,,,,0.00299722674962819,0.0036882579688429,-0.000342331553352488,0.000218648852326265,NaN,,,,,,,,,0.00547403834169954,0.00581982885085827,0.00140576706923002,0.00141677609803613,NaN,,,,,,,,,0.000516866297960934,0.00160458907664589,-0.0022052293098356,-0.000890139946478785,NaN,,,,,,,,
SUM,2015,10,daily,BaGall_A11,abs,month,MK,-1,0,-1,95,0,-1,95,-1,0,0,0,0,95,0.000686004958579129,0.000460326902187693,0.00215926574435168,0.00736155191154833,-0.00159660030536745,0.00429262685534687,0.00448106862120085,0.0022278348552989,2.96030821120614e-05,-0.0021825075698079,0.00055078777502568,-0.000228335094094186,NaN,0.00266192888108426,0.00274117322028654,0.00549028427260196,0.0124874329638664,0.0031405453530523,0.00817398216852752,0.00792697368946658,0.00628073618074801,0.00281941048269486,0.00140640565481923,0.00382282445797748,0.00169482578676535,NaN,-0.00116755571671186,-0.00170284537194503,-0.000952165230637556,0.00240704597365456,-0.00659281778036294,0.000279517844304624,0.00118458980246799,-0.00115516616975758,-0.0026212817095116,-0.00594692643595814,-0.00283948573060726,-0.00263413714861301,NaN
SUM,2024,10,daily,BbsG20_S11,neph,y,MK,95,,,,,,,,,,,,,0.00708284273793016,,,,,,,,,,,,,0.00845016022347816,,,,,,,,,,,,,0.00572775948542106,,,,,,,,,,,,
SUM,2024,10,daily,BbsG20_S11,neph,MetSea,MK,95,95,95,95,95,,,,,,,,,0.00877695396281535,0.00801262340483187,0.00598868781527479,0.00435905184932232,NaN,,,,,,,,,0.0129860721144285,0.0128750651527406,0.00851225296028538,0.00640290462705694,NaN,,,,,,,,,0.00464111473430527,0.00340173477587066,0.0034132371764624,0.00232741562708759,NaN,,,,,,,,
SUM,2024,10,daily,BbsG20_S11,neph,month,MK,-1,95,-1,95,95,-1,95,95,95,95,95,95,95,0.00245487534980562,0.00272721104154332,0.00523776073950188,0.00846724637932652,0.0119881756847665,0.00074194774973278,0.0140124572172252,0.00904586733920278,0.0108753774894256,0.00810091731685601,0.00307258074950981,0.00720863198521933,NaN,0.00668241521078886,0.00632592773019931,0.0107689912347092,0.0150826253540944,0.0204698552072018,0.00819616075426123,0.0231623786901255,0.0182896094121245,0.0172562447944122,0.0120223991989855,0.00665103496275004,0.0102989333795647,NaN,-0.00160585662515096,-0.000797179502600411,-0.000249519618596059,0.00120824930556388,0.00210327000438355,-0.00606171745254471,0.00538364541939704,0.000651140903441762,0.00504056940512126,0.00407739066828146,-0.000415285623918852,0.00420538638907414,NaN
SUM,2023,10,daily,BbsG20_S11,neph,y,MK,95,,,,,,,,,,,,,0.00665078538053884,,,,,,,,,,,,,0.00809379310234428,,,,,,,,,,,,,0.00522210564502255,,,,,,,,,,,,
SUM,2023,10,daily,BbsG20_S11,neph,MetSea,MK,95,95,95,95,95,,,,,,,,,0.00621897535733452,0.00914381222916774,0.00458071275420763,0.00406505394113207,NaN,,,,,,,,,0.0104400147994957,0.0142917582237725,0.00746567303145302,0.00601751635586694,NaN,,,,,,,,,0.00212698935617568,0.00404371069892292,0.00174633944643456,0.00215327980606456,NaN,,,,,,,,
SUM,2023,10,daily,BbsG20_S11,neph,month,MK,95,95,95,-1,95,-1,95,95,95,95,-1,95,95,0.00233523179777674,0.0035655132734897,0.00642429596271707,-0.0018440475575793,0.0133982467079458,0.00114827664801664,0.0197740155537858,0.0112834398665057,0.0112738231668901,0.00693299240261006,0.000592483603850454,0.00673652974614109,NaN,0.00569369565408129,0.00692599759773985,0.0117686566496946,0.00534439045634787,0.022894611382701,0.00828247801288869,0.0318934573451387,0.021605311821369,0.01859792825476,0.0113770565732349,0.00453809739740207,0.0102867902894659,NaN,-0.000790303886628992,0.000231410470152769,0.00117768565811046,-0.00901670162700442,0.00283519988536087,-0.00569144193121965,0.00830946341361122,0.00156228279972206,0.00442071827774211,0.00253443144288044,-0.00340606486229723,0.00347626271193191,NaN
SUM,2022,10,daily,BbsG20_S11,neph,y,MK,95,,,,,,,,,,,,,0.00474381094041661,,,,,,,,,,,,,0.00586766401400972,,,,,,,,,,,,,0.0036227849882134,,,,,,,,,,,,
SUM,2022,10,daily,BbsG20_S11,neph,MetSea,MK,-1,-1,95,95,95,,,,,,,,,0.0029810697971039,0.00267708412570299,0.00359546892508605,0.00403668303401515,NaN,,,,,,,,,0.00654986543625121,0.00678577275077373,0.00598443339809654,0.00576378707326067,NaN,,,,,,,,,-0.000569615761910211,-0.00134534693289973,0.00132168801829452,0.0023204515838873,NaN,,,,,,,,
SUM,2022,10,daily,BbsG20_S11,neph,month,MK,95,95,-1,0,95,-1,-1,-1,95,95,-1,95,95,0.00328040550826401,0.00316352823183126,0.00361565306640916,-0.00444642149756195,0.00795262948768817,-0.00140252389635485,0.00565919442447864,0.00770191564726157,0.0100817447784859,0.00479274874258976,-0.000432581066824567,0.00677056631863461,NaN,0.00617930823480676,0.00620814142579262,0.00810151146199071,0.00250234777795041,0.0157995398335929,0.00409930963262632,0.0155944595519144,0.0165031927290213,0.0157733565527683,0.00834078811038255,0.00287000163488736,0.010000902124153,NaN,0.000551719262312227,-8.46391661601604e-06,-0.000788438850325065,-0.0112504345862064,0.000363284435641631,-0.00669357574439402,-0.0032767081711335,-0.000853356773457214,0.00438622258265609,0.00107896929610809,-0.00356982130171026,0.00359704455769532,NaN
SUM,2021,10,daily,BbsG20_S11,neph,y,MK,95,,,,,,,,,,,,,0.00399144864193644,,,,,,,,,,,,,0.00496706872450497,,,,,,,,,,,,,0.0030168601192876,,,,,,,,,,,,
SUM,2021,10,daily,BbsG20_S11,neph,MetSea,MK,-1,-1,95,95,95,,,,,,,,,0.00100242231045944,0.000702391671076066,0.00479886253769451,0.00280220927641381,NaN,,,,,,,,,0.0046691294111791,0.0049596816241477,0.00727083943586363,0.00440436226437304,NaN,,,,,,,,,-0.00254427366267784,-0.00343815317902366,0.00232373533448345,0.00125726324199143,NaN,,,,,,,,
SUM,2021,10,daily,BbsG20_S11,neph,month,MK,-1,-1,-1,0,-1,0,-1,0,95,95,-1,95,95,0.00225672631415196,0.00130947042333379,0.00226157900718634,-0.0023517775138552,0.00217831793314779,-0.00422816880511868,0.00667540659650915,0.000661565269675095,0.0114226088935939,0.0056936612739472,0.00118085926726997,0.00541563644152881,NaN,0.00481719368702881,0.00436064651464706,0.00665023403565634,0.00475042215786284,0.00915858935151959,0.00189814052991295,0.013696169430678,0.0103684050736468,0.0173098965917542,0.00945099974152386,0.00443725672632249,0.0080843873395781,NaN,-0.000407822405917875,-0.00163555301802512,-0.00252604237081625,-0.00924201898045165,-0.00499885099742848,-0.0109738401601301,-0.000222084352600727,-0.00901323997433294,0.00552283541967197,0.00154817555567053,-0.00216750869124003,0.00233891046928251,NaN
SUM,2024,10,daily,expS_bg,neph,y,MK,95,,,,,,,,,,,,,-0.025411499310989,,,,,,,,,,,,,-0.016978636080511,,,,,,,,,,,,,-0.0339088625659248,,,,,,,,,,,,
SUM,2024,10,daily,expS_bg,neph,MetSea,MK,95,95,95,95,95,,,,,,,,,-0.0179948360131635,-0.0221942386907907,-0.0393965727401335,-0.0490685384236239,-0.0307954057154621,,,,,,,,,-0.00585632408473443,-0.0109824255044927,-0.0159398411199196,-0.0224038812991999,-0.0134611333122062,,,,,,,,,-0.0300305018076671,-0.033472202881024,-0.0631578090736456,-0.0764060604549986,-0.0483150059773348,,,,,,,,
SUM,2024,10,daily,expS_bg,neph,month,MK,95,0,0,95,0,0,95,0,-1,0,95,0,95,-0.0645879363286944,-0.0377040524123501,-0.00404258975010882,-0.0353160532751666,-0.0126494049367602,-0.00497231890458223,-0.0314878893827633,-0.0228742340347577,-0.0332963371050645,0.00775320997489404,-0.090464913502503,-0.0468283687695412,NaN,-0.0130566662321473,0.00777647663509835,0.0300659341036855,-0.016335724189334,0.00223998964476145,0.0129420412207645,-0.0112698643519531,-0.0007007689314995,-0.00472681669132467,0.0570712199060681,-0.0397659753545981,-0.000861445411692914,NaN,-0.11962350240692,-0.0828455898080026,-0.0357187763089165,-0.0556542137307398,-0.028619343553558,-0.0239568716229571,-0.051653679428736,-0.0438262535494151,-0.0661801017211123,-0.0367440373910023,-0.141037234064229,-0.0929236378409215,NaN
SUM,2023,10,daily,expS_bg,neph,y,MK,0,,,,,,,,,,,,,-9.11437800183028e-05,,,,,,,,,,,,,0.0082320713420689,,,,,,,,,,,,,-0.00836058602433557,,,,,,,,,,,,
SUM,2023,10,daily,expS_bg,neph,MetSea,MK,0,0,95,0,0,,,,,,,,,0.0122547587050849,0.000265941933149193,-0.025429636228402,-0.00154577410398001,NaN,,,,,,,,,0.0243256011003502,0.011648548226004,-0.00338891212337515,0.0253519259898025,NaN,,,,,,,,,0.000291106766044254,-0.0113435156058406,-0.0475404446580326,-0.0276064395067227,NaN,,,,,,,,
SUM,2023,10,daily,expS_bg,neph,month,MK,0,0,95,0,0,0,0,0,95,0,0,0,0,-0.0200655206297066,0.0170608200679474,0.0414145416981885,-0.000543430913896889,0.00332469734959725,0.0191455802543037,-0.0150200928904282,0.000520271381682541,-0.0336573478483662,-0.00326076486409207,-0.0336575943774677,-0.00589691125512705,NaN,0.0347859991235706,0.0652114732959283,0.0711264712315222,0.0190128717370008,0.0192500882050727,0.0403356123204305,0.00519908782282206,0.020821847182256,-0.00663410589718745,0.0409233972909087,0.0164902023809398,0.0349148268850471,NaN,-0.0764317722769507,-0.0280515593479453,0.0120812405442097,-0.0200101234377242,-0.0124247894318056,0.000395824396584372,-0.0358457616300941,-0.0203408119588634,-0.0645973744166803,-0.0438695870461406,-0.0841312178779717,-0.0454912247686037,NaN
SUM,2022,10,daily,expS_bg,neph,y,MK,95,,,,,,,,,,,,,0.0424465390290404,,,,,,,,,,,,,0.0512146936802974,,,,,,,,,,,,,0.0337107697994605,,,,,,,,,,,,
SUM,2022,10,daily,expS_bg,neph,MetSea,MK,95,95,0,95,95,,,,,,,,,0.0420362435809042,0.0289857213408582,0.0154600852537024,0.0929748671829723,NaN,,,,,,,,,0.0538773336042979,0.0427769629712608,0.0385405304290935,0.119868242664126,NaN,,,,,,,,,0.0303828561425292,0.0148408707319946,-0.00729874372369196,0.0662554167220435,NaN,,,,,,,,
SUM,2022,10,daily,expS_bg,neph,month,MK,95,95,95,95,95,95,0,-1,0,0,0,-1,95,0.0933739841904648,0.119923954668413,0.0735391191175714,0.0386680933329235,0.021448073353072,0.0500926020970309,0.0184367105211498,0.025866708660553,-0.00378904021681042,0.0327988881270873,0.0243757201080188,0.0641096089205507,NaN,0.143538764721309,0.162647217972715,0.10178699962309,0.0569749316290221,0.0360912295519918,0.0724558895719727,0.0429998130467536,0.0526623163802912,0.0272722169053217,0.0768408055843818,0.0738970709695448,0.116576249462835,NaN,0.0458985004382518,0.078829497690762,0.0461794286330031,0.0194021778049625,0.00737387878656813,0.0274538655342022,-0.0078313182020386,0.000933395915211997,-0.0361514168926413,-0.00866784620823653,-0.0239112114637142,0.0150164058903015,NaN
SUM,2021,10,daily,expS_bg,neph,y,MK,95,,,,,,,,,,,,,0.060529686164752,,,,,,,,,,,,,0.0691014460492954,,,,,,,,,,,,,0.0519540618656318,,,,,,,,,,,,
SUM,2021,10,daily,expS_bg,neph,MetSea,MK,95,95,95,95,95,,,,,,,,,0.0601071188342149,0.0484744686507046,0.0627475130751665,0.0867340703885061,NaN,,,,,,,,,0.0719283496534636,0.0611723772180704,0.0853356976540269,0.114073564808998,NaN,,,,,,,,,0.0483430458728845,0.0355811650110083,0.0409077459456738,0.059148257534323,NaN,,,,,,,,
SUM,2021,10,daily,expS_bg,neph,month,MK,95,95,95,95,95,95,95,95,0,95,95,95,95,0.0960517577792413,0.0951173961099744,0.103525792602333,0.0629469624941917,0.0229802548168214,0.0572056158521675,0.0451206704177039,0.0466695812767521,0.0219113192531985,0.0757058109925636,0.0897459602100331,0.0729004665457307,NaN,0.145474595399576,0.143845952462008,0.129964038119379,0.082845987204651,0.0373953053860429,0.0786621916894728,0.0684764023751254,0.0684380237408866,0.0565743778479814,0.117610793098966,0.131352808016412,0.118832248760323,NaN,0.0441760677742636,0.0483590054371075,0.0769346123628298,0.042841159178302,0.00810081384395452,0.0355099538094541,0.0208429461903271,0.0241515627774741,-0.0117920417349278,0.0388998850016178,0.0481514998786942,0.0271734575970241,NaN
SUM,2020,10,daily,expS_bg,neph,y,MK,95,,,,,,,,,,,,,0.0540269319569597,,,,,,,,,,,,,0.0631572174883639,,,,,,,,,,,,,0.0449738365523743,,,,,,,,,,,,
SUM,2020,10,daily,expS_bg,neph,MetSea,MK,95,95,95,95,95,,,,,,,,,0.0623652985619645,0.0473862166344216,0.0525323502754087,0.083532286301253,NaN,,,,,,,,,0.0755739463610846,0.0604619250449855,0.0744029897335963,0.113829389559307,NaN,,,,,,,,,0.0493064723228755,0.0344902156400418,0.0312847814989982,0.053273932959336,NaN,,,,,,,,
SUM,2020,10,daily,expS_bg,neph,month,MK,95,95,95,95,0,95,95,95,-1,0,95,95,95,0.0924147781187122,0.0912999582780745,0.117498350875491,0.0753705510848729,0.018183377971179,0.0381701067991016,0.0308515119044092,0.0751939601152514,0.0408696252400451,0.0306222900409429,0.0854894390710305,0.072338364717375,NaN,0.149673071146138,0.149948040135326,0.148940978348822,0.0978832616512799,0.0346086149139873,0.0615982697615526,0.0526606331382595,0.100668827006122,0.0769831823839185,0.0669233700825091,0.123447165449575,0.119056004826673,NaN,0.0331136702273998,0.0374099655162663,0.0870373299637887,0.0520933084108325,0.00142372277280029,0.0165154035015418,0.0104365349215353,0.0516647629383242,0.00607370798417095,-0.00542774339839168,0.0446208742568058,0.0268031759370834,NaN
SUM,2024,10,daily,expA_bg,abs,y,MK,95,,,,,,,,,,,,,-0.0215232543225254,,,,,,,,,,,,,-0.0133381893903423,,,,,,,,,,,,,-0.0305890504170232,,,,,,,,,,,,
SUM,2024,10,daily,expA_bg,abs,MetSea,MK,95,95,95,95,95,,,,,,,,,-0.0210307072387837,-0.0265038844420355,0,0,NaN,,,,,,,,,-0.00701623647907787,-0.00594665613913456,0,0,NaN,,,,,,,,,-0.0344843284503685,-0.0438358921431109,0,0,NaN,,,,,,,,
SUM,2024,10,daily,expA_bg,abs,month,MK,95,95,95,0,95,95,95,95,0,95,0,95,95,0,0,0,0,-0.0468050131040888,-0.0402695531835899,0,0,0,0,0,0,NaN,0,0,0,3.88909095918662e-16,-0.0314855571355229,-0.013831486905289,0,0,0,0,0,0,NaN,0,0,-0.0418918713550501,-0.0196303495945535,-0.0615917520238825,-0.0639065363908937,-0.0333994940302528,-0.0484986940900447,0,0,0,0,NaN
SUM,2023,10,daily,expA_bg,abs,y,MK,95,,,,,,,,,,,,,-0.0319955621789028,,,,,,,,,,,,,-0.0227863642780141,,,,,,,,,,,,,-0.0418264566321091,,,,,,,,,,,,
SUM,2023,10,daily,expA_bg,abs,MetSea,MK,95,95,95,95,95,,,,,,,,,-0.0281995931708261,-0.033048020638037,0,0,NaN,,,,,,,,,-0.0163841398550367,-0.0162675616291017,0,0,NaN,,,,,,,,,-0.0392122724487818,-0.0482152488054839,0,0,NaN,,,,,,,,
SUM,2023,10,daily,expA_bg,abs,month,MK,95,95,95,95,95,95,95,95,95,95,95,95,95,0,0,0,-0.0222386510336097,-0.0492874897110816,-0.0451497112403946,0,-0.0333676861039322,0,0,0,0,NaN,0,0,0,-0.00443115960467744,-0.0340016366547121,-0.0201050754575184,0,0,0,0,0,0,NaN,0,-0.017910537124033,-0.0309086833323441,-0.0381857835922504,-0.0650028793544058,-0.0684204629227008,-0.031521247545156,-0.0652498586934067,0,-0.0347377056106291,-0.0197377339084716,0,NaN
SUM,2022,10,daily,expA_bg,abs,y,MK,95,,,,,,,,,,,,,-0.0389774267146544,,,,,,,,,,,,,-0.0271507043102964,,,,,,,,,,,,,-0.0505772276877728,,,,,,,,,,,,
SUM,2022,10,daily,expA_bg,abs,MetSea,MK,95,95,95,95,95,,,,,,,,,-0.0240635244720837,-0.0490853828878373,0,0,NaN,,,,,,,,,-0.0126225245808175,-0.0296081877142414,0,0,NaN,,,,,,,,,-0.0350888717623545,-0.067347601787225,0,0,NaN,,,,,,,,
SUM,2022,10,daily,expA_bg,abs,month,MK,95,95,95,95,95,95,95,95,95,95,95,95,95,0,0,0,-0.0364059903804458,-0.0225076328994805,-0.0379416316672897,-0.0325279357598438,-0.0532388478514143,0,0,0,0,NaN,0,0,0,-0.0209682996912991,-0.00684889390943626,-0.0108145040954966,0,-0.00876840197627708,0,0,0,0,NaN,0,0,-0.0353096245283487,-0.0513268585650177,-0.0379185626873698,-0.0677768188485628,-0.0643629268957254,-0.0937360591935142,0,-0.0802014302807524,-0.0557850714365527,0,NaN
SUM,2021,10,daily,expA_bg,abs,y,MK,95,,,,,,,,,,,,,-0.0361927487693922,,,,,,,,,,,,,-0.0267048613735221,,,,,,,,,,,,,-0.046332554922511,,,,,,,,,,,,
SUM,2021,10,daily,expA_bg,abs,MetSea,MK,95,95,95,95,95,,,,,,,,,-0.0223744810931847,-0.0527303126106084,0,0,NaN,,,,,,,,,-0.0112751700171827,-0.0358347795132709,0,0,NaN,,,,,,,,,-0.0332877916490233,-0.0693150818578842,0,0,NaN,,,,,,,,
SUM,2021,10,daily,expA_bg,abs,month,MK,95,95,95,95,0,95,95,95,95,95,95,0,95,0,0,-5.45527748534984e-16,-0.0439294531175554,-0.00964005293028666,-0.0420031510645988,-0.0499511202981346,-0.0448118814316077,0,0,0,0,NaN,0,0,0,-0.0298602578747354,0,-0.0167877352380938,-0.010456530665208,-0.00929106742077593,0,0,0,0,NaN,0,-0.0558519273139881,-0.0354202876354062,-0.0584611753680607,-0.024885708122168,-0.0701842877477097,-0.0789575416417373,-0.0736657798054928,0,-0.0241833286675688,-0.0374776151814692,0,NaN
SUM,2020,10,daily,expA_bg,abs,y,MK,95,,,,,,,,,,,,,-0.00130749561949683,,,,,,,,,,,,,0,,,,,,,,,,,,,-0.0162397563359313,,,,,,,,,,,,
SUM,2020,10,daily,expA_bg,abs,MetSea,MK,95,95,95,95,95,,,,,,,,,-0.0130486027860343,-0.0172350946690705,0,0,NaN,,,,,,,,,0,0,0,0,NaN,,,,,,,,,-0.02639973492178,-0.0402796431639709,0,0,NaN,,,,,,,,
SUM,2020,10,daily,expA_bg,abs,month,MK,95,95,0,95,0,95,95,95,0,0,95,0,95,0,0,0,-0.0433880120104979,-0.000886121864802281,-0.0219572397790445,0,-0.0153908120292266,0,0,0,0,NaN,0,0,0,-0.0258615636350413,0.00602144243814728,0,0,0,0,0,0,0,NaN,0,-0.0741866248849326,-0.0194349592359235,-0.0630371368611786,-0.0191668517439652,-0.0484911979393775,-0.0244349906345354,-0.0732736597690453,0,0,0,0,NaN
SUM,2024,10,daily,BbsFG_S11,neph,y,MK,95,,,,,,,,,,,,,0.00728630128853932,,,,,,,,,,,,,0.00825049678640752,,,,,,,,,,,,,0.00634076212631878,,,,,,,,,,,,
SUM,2024,10,daily,BbsFG_S11,neph,MetSea,MK,95,95,95,95,95,,,,,,,,,0.00542242594908815,0.00444945331851895,0.0079090338723946,0.0152182060069345,NaN,,,,,,,,,0.00664239722176766,0.00584643958329543,0.0106059344846301,0.0184526198003314,NaN,,,,,,,,,0.00420466202764559,0.00311329772465699,0.0052776623285475,0.0121025781901552,NaN,,,,,,,,
SUM,2024,10,daily,BbsFG_S11,neph,month,MK,95,95,95,95,95,95,95,95,0,95,95,95,95,0.0251845512252508,0.0132152456498014,0.00640856932308664,0.00604012447070684,0.004740521150696,0.00729501734468622,0.00450630983438671,0.00368333951290799,0.00283858803075389,0.00929798005012693,0.00889044473758356,0.00762320677764377,NaN,0.0314631287823338,0.0184474397406738,0.00961123944544963,0.00776071827039117,0.00642420913240403,0.0102724331787884,0.00676761070206798,0.00600980904717997,0.00632515410157023,0.0145118222413776,0.0145998485917836,0.0132115849213327,NaN,0.0189989979681232,0.00808518030308969,0.00324828605952818,0.00413708537288609,0.00316566931872723,0.00448590195087466,0.00232954344280482,0.00140083254004061,-0.000585193536801945,0.00464854775994069,0.00343350981042847,0.00158310879795574,NaN
SUM,2023,10,daily,BbsFG_S11,neph,y,MK,95,,,,,,,,,,,,,0.0106272793790992,,,,,,,,,,,,,0.0115940929864487,,,,,,,,,,,,,0.00968306256156497,,,,,,,,,,,,
SUM,2023,10,daily,BbsFG_S11,neph,MetSea,MK,95,95,95,95,95,,,,,,,,,0.0068191696239739,0.00596959896882945,0.0150825207800512,0.0200530369602236,NaN,,,,,,,,,0.00799237779380654,0.00741283860508316,0.017943115588631,0.0233782710002949,NaN,,,,,,,,,0.00567335732518092,0.004663811935386,0.012412964086275,0.0168995415729429,NaN,,,,,,,,
SUM,2023,10,daily,BbsFG_S11,neph,month,MK,95,95,95,95,95,95,95,95,95,95,95,95,95,0.0229480771366376,0.017470412019577,0.00692942098549205,0.0079337918421707,0.00565062626879907,0.00875112113632303,0.00446610570083337,0.00623573546589988,0.00905471157868494,0.0156921532122679,0.0188496825153369,0.0210439892835537,NaN,0.0296147103135364,0.0227936599900209,0.00971609571041819,0.00983480611378376,0.00741911043970629,0.0115227605191737,0.00660113147885338,0.00864693624619541,0.0125435182086056,0.0206810051723663,0.0247394995768126,0.0265752798529247,NaN,0.0171102534409282,0.012252511217915,0.00414606072890503,0.0062208318384873,0.00412811616141756,0.00614349921671803,0.00254425803649403,0.00409300624539813,0.00547945417656614,0.0109097574543389,0.0133575149835761,0.0157507626120552,NaN
SUM,2022,10,daily,BbsFG_S11,neph,y,MK,95,,,,,,,,,,,,,0.0142798044037019,,,,,,,,,,,,,0.0152872643668007,,,,,,,,,,,,,0.0132979468134885,,,,,,,,,,,,
SUM,2022,10,daily,BbsFG_S11,neph,MetSea,MK,95,95,95,95,95,,,,,,,,,0.00806628278179066,0.011498509320307,0.0189148664499352,0.0253003649407862,NaN,,,,,,,,,0.00920489637107396,0.0131519702013012,0.0218537386488974,0.0287377663130273,NaN,,,,,,,,,0.00698923447442165,0.00986448013591443,0.0161092902339064,0.0219853708995405,NaN,,,,,,,,
SUM,2022,10,daily,BbsFG_S11,neph,month,MK,95,95,95,95,95,95,95,95,95,95,95,95,95,0.0226704586344955,0.0219419684578222,0.00962379785932116,0.00878599057736992,0.00659348778310402,0.0134258068501252,0.00937426109793362,0.0120947803337714,0.0129563338794104,0.0189214010520988,0.0244211220065531,0.0318409267524808,NaN,0.0290719159306345,0.0279009456628625,0.0120617670307283,0.0107781196528492,0.00816571295338191,0.0160233840215181,0.0123189719036794,0.0155676339293762,0.0169852071653773,0.0236912602381087,0.0302646998247772,0.0383343120480733,NaN,0.0169351265760728,0.0166943745632525,0.00725613504976196,0.00706953852025977,0.00511717211299465,0.0111148022226685,0.00655984788541937,0.00891614542715852,0.00959058030072384,0.014400870429336,0.0185943226118259,0.0262069608104925,NaN
SUM,2021,10,daily,BbsFG_S11,neph,y,MK,95,,,,,,,,,,,,,0.0120385718253707,,,,,,,,,,,,,0.0129496511505579,,,,,,,,,,,,,0.0111444137071514,,,,,,,,,,,,
SUM,2021,10,daily,BbsFG_S11,neph,MetSea,MK,95,95,95,95,95,,,,,,,,,0.00788067734060008,0.00887401783469325,0.0141093777665725,0.0244985134620007,NaN,,,,,,,,,0.00892614930696021,0.0102942080244109,0.0165428187973951,0.0278712846641069,NaN,,,,,,,,,0.00688950653414019,0.00747512886862483,0.0117749959203062,0.0211089165769292,NaN,,,,,,,,
SUM,2021,10,daily,BbsFG_S11,neph,month,MK,95,95,95,95,95,95,95,95,95,95,95,95,95,0.0204608458633415,0.0241656513356038,0.00991708592995409,0.00709423382505457,0.00724112729677639,0.0127668577207076,0.00738672925190464,0.00678443925255126,0.00913451959887653,0.0143020856518744,0.0181853373081971,0.0284417389076645,NaN,0.0270238333448596,0.0305090828241586,0.0121238337958107,0.0087745211951716,0.0088492245301337,0.0149943007995794,0.0100415270160093,0.00905202139196173,0.0126156765261619,0.0182915083182216,0.0231812298560081,0.0343328605505858,NaN,0.0144974837218343,0.0184177092023987,0.0078505060650144,0.00553465261595398,0.00571643543319004,0.01054588296104,0.00492396158208737,0.0048000332535682,0.00566995330120597,0.0106130940859242,0.0135765592152949,0.0234446218720035,NaN
SUM,2020,10,daily,BbsFG_S11,neph,y,MK,95,,,,,,,,,,,,,0.0104763597602659,,,,,,,,,,,,,0.0114380391389074,,,,,,,,,,,,,0.00953392013341921,,,,,,,,,,,,
SUM,2020,10,daily,BbsFG_S11,neph,MetSea,MK,95,95,95,95,95,,,,,,,,,0.00919701345067446,0.00767798166635888,0.00993419022651838,0.0194639098437869,NaN,,,,,,,,,0.0104706085534614,0.00909562143465417,0.0121951114204405,0.0229982264705604,NaN,,,,,,,,,0.00795990650413704,0.00632508074015857,0.00769036828567028,0.0160921249087639,NaN,,,,,,,,
SUM,2020,10,daily,BbsFG_S11,neph,month,MK,95,95,95,95,95,95,95,95,95,95,95,95,95,0.0158874527958102,0.0206694405769918,0.0128467607542233,0.00894797727596349,0.00711766098529237,0.0109408054097624,0.00554665642733809,0.00680297833361964,0.00627623151175131,0.011324585927614,0.0113955008084306,0.0212340805859214,NaN,0.0225888779224413,0.0270134616608688,0.0157393997593703,0.011237882509715,0.00880914008137063,0.0133995165760615,0.00781308829823769,0.00946090014433351,0.010221422380596,0.0149815423516224,0.0156028470197402,0.0266114114328275,NaN,0.00971822071357857,0.0148312800818178,0.0101661290679856,0.00683472816518269,0.00545464354146873,0.00851166884923384,0.00343021941122936,0.00433478770894083,0.00213648962088859,0.00794816560338831,0.00726443163171331,0.0159985099554352,NaN
SUM,2025,10,daily,SSA,abs+neph,y,MK,95,,,,,,,,,,,,,0.00236878037742459,,,,,,,,,,,,,0.00266842956660821,,,,,,,,,,,,,0.002070562007931,,,,,,,,,,,,
SUM,2025,10,daily,SSA,abs+neph,MetSea,MK,95,95,95,95,95,,,,,,,,,0.00187880358547857,0.00125298556295629,0.00104118813713952,0.00405041722965495,NaN,,,,,,,,,0.00242227216885127,0.00172944321994365,0.00180325703416813,0.0050304817818967,NaN,,,,,,,,,0.00132879342992891,0.000780289543627214,0.000299654352020081,0.00310675775748439,NaN,,,,,,,,
SUM,2025,10,daily,SSA,abs+neph,month,MK,95,95,95,95,95,95,-1,-1,-1,95,95,95,95,0.00394246792663336,0.00329738669462345,0.00320191269818133,0.000913575477567837,0.00189570357345334,0.00210406274725096,0.000435460606106471,-7.40410601984244e-05,-0.000336131214419552,0.00227754748420412,0.00261688766887296,0.00488233536006905,NaN,0.00578896480840454,0.00499718602164124,0.00439386099250301,0.00169105348023845,0.00275040445534597,0.00286547310327701,0.00125876690940885,0.000744504043587252,0.000558310216295818,0.00358985725787459,0.00430727525534411,0.00652054231518914,NaN,0.00219195720435434,0.00161087060772447,0.00195964059789659,7.7915853180754e-05,0.00101274516879421,0.00142058108908535,-0.000358993698455385,-0.000866375374871124,-0.00119560325479375,0.000975909994129217,0.00095468595811827,0.00327624690857287,NaN
SUM,2024,10,daily,BsG20_S11,neph,y,MK,95,,,,,,,,,,,,,0.0208632664757406,,,,,,,,,,,,,0.0277839030739757,,,,,,,,,,,,,0.0140364388207426,,,,,,,,,,,,
SUM,2024,10,daily,BsG20_S11,neph,MetSea,MK,95,-1,95,95,95,,,,,,,,,0.0309455806348066,0.0318714990400419,0.0191883944239377,0.0074983026312382,NaN,,,,,,,,,0.0551714284111879,0.0645150717781006,0.0309356762808227,0.0143382052295633,NaN,,,,,,,,,0.00876887760653141,0.00168486113541419,0.00785302166526125,0.000770954183010655,NaN,,,,,,,,
SUM,2024,10,daily,BsG20_S11,neph,month,MK,-1,-1,-1,-1,-1,0,-1,-1,95,95,-1,95,95,0.000858069435748092,0.00538531558737039,0.0131481579136958,0.0306561033644697,0.0395092448940572,-0.0125739518486997,0.0685290200587437,0.041855499459594,0.063415249766349,0.0215858715631318,0.0101142535558025,0.0160765436041716,NaN,0.0122989699478023,0.019021500556924,0.0393398454786247,0.0742723634878238,0.101719059564618,0.0328943197579711,0.130924793051773,0.109939848375229,0.0992887337415579,0.0427056486842718,0.0218676519355653,0.0268254853503063,NaN,-0.0105522285475201,-0.00807088914427656,-0.0113409378107197,-0.00824359895130211,-0.0178887811352644,-0.0586211958964649,0.0104269808804453,-0.0148523062587371,0.0261734437661156,0.00137802635245999,-0.00171005538510151,0.00581919364872755,NaN
SUM,2023,10,daily,BsG20_S11,neph,y,MK,95,,,,,,,,,,,,,0.0165900083359925,,,,,,,,,,,,,0.0238948436608087,,,,,,,,,,,,,0.00927399948381927,,,,,,,,,,,,
SUM,2023,10,daily,BsG20_S11,neph,MetSea,MK,-1,-1,95,95,95,,,,,,,,,0.0168221638658391,0.0364611646145176,0.0112558117786107,0.00738836744047664,NaN,,,,,,,,,0.0417789778959504,0.0717135870041184,0.0236740634278358,0.0136616016540062,NaN,,,,,,,,,-0.00896616185140817,0.00329113973899902,-0.000718007429744094,0.000962749648267856,NaN,,,,,,,,
SUM,2023,10,daily,BsG20_S11,neph,month,MK,-1,-1,-1,0,0,0,95,0,95,-1,-1,95,95,0.003933624310833,0.00512046021183923,0.0217847682622407,-0.0299681822176924,0.0438797942237476,-0.0186068055582112,0.10896239821679,0.05102273335346,0.0525873885016779,0.0152688805078689,0.00360024448169744,0.0148226058494114,NaN,0.0138719254599811,0.0176528151628773,0.0505506411228108,0.0174502121067751,0.116928500026662,0.0261421238350499,0.191892024873916,0.132190548215484,0.0968254104071723,0.0385317842505035,0.0167767392657704,0.0258283182264453,NaN,-0.00636603214530954,-0.00702897751634045,-0.0063346746392242,-0.0772511252318793,-0.0250161400904728,-0.0646795367574641,0.0336061337204486,-0.0160486922986471,0.0107834331850111,-0.00601990167367229,-0.0090804684819122,0.00390193998425558,NaN
SUM,2022,10,daily,BsG20_S11,neph,y,MK,0,,,,,,,,,,,,,0.00267482960521819,,,,,,,,,,,,,0.00833200141224552,,,,,,,,,,,,,-0.00299115612122374,,,,,,,,,,,,
SUM,2022,10,daily,BsG20_S11,neph,MetSea,MK,0,0,0,-1,0,,,,,,,,,-0.00721192915511173,-0.00967789319757251,0.00530394557950293,0.00640190590424147,NaN,,,,,,,,,0.0152133750276256,0.0169748023622543,0.0152667865374929,0.0119873716248979,NaN,,,,,,,,,-0.0296242232762565,-0.03633174597995,-0.00473392241298944,0.000759222550372837,NaN,,,,,,,,
SUM,2022,10,daily,BsG20_S11,neph,month,MK,0,0,0,0,0,0,0,0,95,0,0,0,0,0.00802074367778292,0.000733470654978392,0.00295436517467746,-0.0535869205407768,0.0116806680739627,-0.0390618790966554,0.0149883871418508,0.0146222074741844,0.0411245811758302,0.00399741643425605,-0.0049833123800562,0.0123723317400251,NaN,0.0162376961327049,0.0115134994504275,0.0270390120754132,-0.0079726225325477,0.0653407026555735,-0.00324957492675058,0.0716125168223156,0.0744547369504343,0.0720410970798062,0.021781930315261,0.00682808524309193,0.0236545705694797,NaN,-0.000699491635019808,-0.0109718878906832,-0.0216258747979929,-0.0959818094721549,-0.042048827758406,-0.072806282842874,-0.038794289303307,-0.0419557172422268,0.011364259002124,-0.014222643269441,-0.0164483660390329,0.00142440262298767,NaN
SUM,2021,10,daily,BsG20_S11,neph,y,MK,0,,,,,,,,,,,,,0.00153161295908535,,,,,,,,,,,,,0.00669916512244842,,,,,,,,,,,,,-0.00367086281368544,,,,,,,,,,,,
SUM,2021,10,daily,BsG20_S11,neph,MetSea,MK,0,0,0,0,0,,,,,,,,,-0.0161955452428371,-0.017810174864857,0.0111803928569609,0.00456717925715626,NaN,,,,,,,,,0.00774819496954997,0.013419076918594,0.0237331721400696,0.0100519954158871,NaN,,,,,,,,,-0.0410744254020841,-0.0500912507394539,-0.00109737985268666,-0.00107139036301897,NaN,,,,,,,,
SUM,2021,10,daily,BsG20_S11,neph,month,MK,0,0,0,0,0,95,0,0,95,0,0,0,0,0.00415137235330372,-0.00331538335688737,-0.00704395360923194,-0.0393724667488218,-0.0137649079948361,-0.0617858112967644,0.0301907960190674,-0.0229756725637611,0.0508758436712775,0.010371046699108,-0.00137452117904922,0.0119858507040221,NaN,0.0124681811171481,0.0084987141823871,0.0215303123397712,0.0093148513638013,0.0405868592346585,-0.0140801637903946,0.0771768844643448,0.0510491946453616,0.0866029125655112,0.0327864079397466,0.0132625320341786,0.0212505564619604,NaN,-0.00458915806079503,-0.0168456126808658,-0.0364617373307414,-0.0845007906328749,-0.0675820225933124,-0.107224420870349,-0.0176289504621139,-0.10978956736337,0.0150057489919206,-0.0117651285536795,-0.0164598408501466,0.0026520024680763,NaN
SUM,2024,10,daily,BaGall_A11,abs,y,MK,0,,,,,,,,,,,,,8.66893077874354e-05,,,,,,,,,,,,,0.000562756100207096,,,,,,,,,,,,,-0.000302887010760418,,,,,,,,,,,,
SUM,2024,10,daily,BaGall_A11,abs,MetSea,MK,0,0,95,0,0,,,,,,,,,0.000600701705471875,-0.0010005616967232,0.00146824189893914,0,NaN,,,,,,,,,0.00237217080273962,0.00073237872983767,0.00244308900965577,0.000333375883361758,NaN,,,,,,,,,-0.00108193052784793,-0.00272743592887622,0.00046924064891346,-0.000673662908677916,NaN,,,,,,,,
SUM,2024,10,daily,BaGall_A11,abs,month,MK,0,0,0,0,0,95,0,0,95,0,0,0,0,-0.000607881512581244,0,0.00045366977639015,0.000713135294542029,-0.0011083617204669,-0.00389057749981343,0.0017995666080708,0.000506099069456671,0.00343066043454339,0.00191838267679132,0,0.000402703225275072,NaN,7.58430499054979e-05,0.00109559577164847,0.00236889973888067,0.0041730072288938,0.00280318123896188,-0.00133555293235893,0.00549878103684936,0.003693112526871,0.00527647012027879,0.00371682967186306,0.00127507647036366,0.00154225724578174,NaN,-0.00180310577043344,-0.00109133824685565,-0.0012383591374436,-0.00268562409849957,-0.00504533356895864,-0.00653808648525166,-0.00208192933422685,-0.00230623560458566,0.00153334879003639,1.58384174430171e-05,-0.00124238482194137,-0.000504017848525672,NaN
SUM,2023,10,daily,BaGall_A11,abs,y,MK,0,,,,,,,,,,,,,-0.00028618474345277,,,,,,,,,,,,,0.000129883996174137,,,,,,,,,,,,,-0.000785713484945169,,,,,,,,,,,,
SUM,2023,10,daily,BaGall_A11,abs,MetSea,MK,0,0,0,0,0,,,,,,,,,-0.000522279089935838,-0.00117031568140341,0.000529049231305844,-0.000255388606674243,NaN,,,,,,,,,0.00150945977849786,0.00061030221356314,0.00156435207718203,0.000113526636421498,NaN,,,,,,,,,-0.00256918086676984,-0.00304277977933238,-0.000267202974375071,-0.00101517015114092,NaN,,,,,,,,
SUM,2023,10,daily,BaGall_A11,abs,month,MK,0,0,0,0,0,0,0,0,0,0,0,0,0,-0.000421740950909832,-0.000609884484464188,0.0006110619009595,-0.00382934914827524,-0.000870029396752398,-0.00323488281842556,0.000832920503490979,0.000221323321243469,0.00179139910362524,0.000964180535929678,-0.000223237608542181,0.000259351734299494,NaN,0.000313598040756175,0.000405366510545529,0.00278640980512076,0.000357354562333128,0.00414423336274141,-0.000517277929221284,0.0049404615345785,0.00356304449388555,0.00384806815979418,0.00271627885528021,0.000953251313490123,0.00161534170939586,NaN,-0.00159668853281754,-0.00194565341601648,-0.00149172760807728,-0.00809066250657046,-0.00564227787593554,-0.00593113146433074,-0.00323205994636422,-0.00282292136780896,0,-0.000821258986129804,-0.0018121471376875,-0.000840194844416442,NaN
SUM,2022,10,daily,BaGall_A11,abs,y,MK,95,,,,,,,,,,,,,-0.000841834589351355,,,,,,,,,,,,,-0.000372604678780079,,,,,,,,,,,,,-0.00130772927567068,,,,,,,,,,,,
SUM,2022,10,daily,BaGall_A11,abs,MetSea,MK,-1,95,0,-1,95,,,,,,,,,-0.00113438087164029,-0.00335974793861353,0.000119674586600448,-0.000121041864925259,NaN,,,,,,,,,0.000797810016369215,-0.00158857282858681,0.00111789953961307,0.000253410631045644,NaN,,,,,,,,,-0.00313929929609242,-0.00510938445749321,-0.000607812511442112,-0.000901161798020013,NaN,,,,,,,,
SUM,2022,10,daily,BaGall_A11,abs,month,MK,-1,-1,0,95,0,95,-1,0,0,0,-1,0,95,-0.000190236796587365,-0.000553228805381847,-0.000564191922471008,-0.00520759889152047,0.000572973572394372,-0.0041322796868886,-0.00357925046454738,-0.000949094961438959,0.00192106865232201,0.00011967458660045,-0.00102611024672572,0.00035869373118168,NaN,0.000582575305052347,0.000591345697379529,0.00160490921358001,-0.000831102587178132,0.00532118266517824,-0.00173964634331442,0.000119674586600591,0.0020833036959808,0.00372733116240182,0.00195689088518344,0.000179094684055071,0.00180218749901307,NaN,-0.00126354789886727,-0.00192601015144689,-0.00283375829452331,-0.00955264725530558,-0.00385667067641524,-0.00662007044552437,-0.00734203409698065,-0.00415329604538662,0.000119674586600447,-0.0014967751655237,-0.00253780325556625,-0.000819535009044725,NaN
SUM,2021,10,daily,BaGall_A11,abs,y,MK,95,,,,,,,,,,,,,-0.000950862162781792,,,,,,,,,,,,,-0.000496656857009214,,,,,,,,,,,,,-0.00141510646565815,,,,,,,,,,,,
SUM,2021,10,daily,BaGall_A11,abs,MetSea,MK,-1,95,0,-1,95,,,,,,,,,-0.00148361429113467,-0.00360581348110703,0.000151086507384947,-0.00024735785626308,NaN,,,,,,,,,0.000627122393947149,-0.00159820077004266,0.00122421926818629,0.000151086507384946,NaN,,,,,,,,,-0.00363866691406561,-0.00568583056392003,-0.000664561772084223,-0.000960089364582176,NaN,,,,,,,,
SUM,2021,10,daily,BaGall_A11,abs,month,MK,-1,-1,0,0,0,95,0,0,0,0,-1,0,95,-0.000433855642838931,-0.000951372288074065,-0.000677643127345825,-0.00323167702655596,-0.00195476664089958,-0.00550536231393878,-0.00119875683522864,-0.00294628179119842,0.00162611800801581,0.000151086507384945,-0.000673103644169924,0.000432982013039893,NaN,0.000171981204942849,0.000151086507384956,0.00182319822456819,0.00130446510455134,0.00241245175333985,-0.00247050739263662,0.00222213862045949,0.000813291556518809,0.00368698189551352,0.00195172602698404,0.00083515746129335,0.00169879888294945,NaN,-0.00146572426871585,-0.00247308014984732,-0.00330217589609986,-0.0077968978801443,-0.00612415389034876,-0.00861815251786314,-0.00470803017535091,-0.00712531075546378,-2.21333274367125e-05,-0.00177577855587248,-0.00235111475957418,-0.000581117806492275,NaN
SUM,2020,10,daily,BaGall_A11,abs,y,MK,95,,,,,,,,,,,,,-0.000604670603487969,,,,,,,,,,,,,-0.000152022362434261,,,,,,,,,,,,,-0.0010547102577325,,,,,,,,,,,,
SUM,2020,10,daily,BaGall_A11,abs,MetSea,MK,95,0,0,0,95,,,,,,,,,-0.00241080898255355,-0.00214056344635567,-3.82496361838934e-05,0,NaN,,,,,,,,,-0.0002832859850338,-0.000397146341556438,0.000666269323954845,0.000458643144092365,NaN,,,,,,,,,-0.00450201740066639,-0.00398940047582656,-0.0010804560572899,-0.000893160480689884,NaN,,,,,,,,
SUM,2020,10,daily,BaGall_A11,abs,month,MK,0,0,0,0,0,95,0,0,0,0,0,0,95,0,-0.000886502022493591,-0.00257318293667616,-0.000648451442140589,-0.00476507949109112,-0.00641334684796228,0.00108546273069406,-0.00217365023521898,0.000703812601730345,-0.00109131360311435,-0.000352470290378462,0.000327313670557071,NaN,0.00123320321021713,0.000633806456209609,0.000223878366212745,0.00386023493387949,-0.000716619457783372,-0.00299127008585046,0.00365691179838032,0.000219489679841567,0.00214150343997206,0.000517170058153869,0.0013237646676352,0.00156961253800038,NaN,-0.00112492556851801,-0.00252496001398729,-0.00535488877741104,-0.0049763214348422,-0.0088263004479108,-0.009848018937222,-0.00145907271942943,-0.00528841333184626,-0.000557282833986203,-0.00300097380750927,-0.00214480562611863,-0.000624152800758359,NaN
SUM,2019,10,daily,BaGall_A11,abs,y,MK,0,,,,,,,,,,,,,0.000134992104791028,,,,,,,,,,,,,0.000599526106453185,,,,,,,,,,,,,-0.000290387178221392,,,,,,,,,,,,
SUM,2019,10,daily,BaGall_A11,abs,MetSea,MK,0,0,0,0,0,,,,,,,,,-0.00112353597731218,0.000788845640760939,0,0.000561634787962789,NaN,,,,,,,,,0.000936599126150018,0.0027401164853689,0.000802752112506704,0.00139485562577859,NaN,,,,,,,,,-0.0031606207650436,-0.00126027460231118,-0.00103788895724349,0,NaN,,,,,,,,
SUM,2019,10,daily,BaGall_A11,abs,month,MK,0,0,0,0,0,0,0,0,0,0,0,0,0,0.00109512289924896,6.69273837155133e-05,-0.000588180300861248,0.000747820036229164,-0.00423906089062265,-0.000242969050090273,0.00247307169062848,-0.00120831399078468,0.000346415571428742,-0.00129368768384125,4.04355823607816e-05,0.000618936573881386,NaN,0.00242619039545343,0.00196433468894335,0.00217842496767054,0.00498842824755713,-0.000486810654658227,0.00354678266972433,0.00532109960790198,0.00269616586567228,0.00188634829635385,0.000493991504318245,0.00212265155189491,0.00198487860396127,NaN,0,-0.00142161461892768,-0.00344265537843909,-0.00335372763779523,-0.00822339185994725,-0.00424990081633708,-0.000319552166304308,-0.00573734119349742,-0.000909644704375675,-0.00320289708441061,-0.00161943432985408,-0.000443234197204418,NaN
SUM,2018,10,daily,BaGall_A11,abs,y,MK,0,,,,,,,,,,,,,-6.31951547365564e-05,,,,,,,,,,,,,0.000397220675704952,,,,,,,,,,,,,-0.000558725308467506,,,,,,,,,,,,
SUM,2018,10,daily,BaGall_A11,abs,MetSea,MK,0,0,0,0,0,,,,,,,,,-0.000393314581734719,-0.000903534518222852,-0.000540189956320825,0.00056236804222288,NaN,,,,,,,,,0.00179575150750403,0.000902126231592889,0.000504300032504424,0.00154147251574325,NaN,,,,,,,,,-0.00256338867975504,-0.00290137096933618,-0.00179604780531412,-0.00018538669905508,NaN,,,,,,,,
SUM,2018,10,daily,BaGall_A11,abs,month,MK,0,0,0,0,0,0,0,0,0,0,0,0,0,0.000727142823124921,0.000567039406068474,0.000303276892100679,0.00130767059142474,-0.00380849733001382,-0.00440354819342906,0.000674142465759879,-7.40268714493427e-05,-0.000417367272177091,-0.00150333286804291,0,0.000573256967581038,NaN,0.00235538936534066,0.00243597522420001,0.00330470790912891,0.00528940282913951,0.000456619337495268,-0.000746852734336226,0.00330856383136122,0.00318054123143925,0.00122116118970159,0.000833048598805627,0.00219970112027963,0.00215352950884128,NaN,-0.000729599055866245,-0.00124956827915838,-0.00272779322412619,-0.00281733289576009,-0.00832135967625665,-0.00791734832213029,-0.00216233360960976,-0.00351172838798801,-0.00216722987730577,-0.00392208320693189,-0.00228775025497142,-0.000729053349843895,NaN
SUM,2017,10,daily,BaGall_A11,abs,y,MK,0,,,,,,,,,,,,,-0.000201765788752118,,,,,,,,,,,,,0.000362466925715901,,,,,,,,,,,,,-0.000792097116492291,,,,,,,,,,,,
SUM,2017,10,daily,BaGall_A11,abs,MetSea,MK,0,0,0,0,0,,,,,,,,,-0.000537645258187536,-0.000335752916277501,-0.000677884285657937,0.000333711550351045,NaN,,,,,,,,,0.00196536854790811,0.00168355048133429,0.000577157350265863,0.00156674574843823,NaN,,,,,,,,,-0.00298967953561215,-0.0024044269636858,-0.00209872052400668,-0.000714011462284318,NaN,,,,,,,,
SUM,2017,10,daily,BaGall_A11,abs,month,MK,0,0,0,0,0,0,0,0,0,0,0,0,0,0.000220958477411884,0.00126372441777874,0.000695447945901748,0.00100673190990564,-0.00630898509741868,-0.00484911120246072,0.000610619174046532,0.00155525749899086,-0.000277218212373719,-0.00134273719741664,-0.00108962644961632,0,NaN,0.00226544373118501,0.00376980962409524,0.00404104028982622,0.00550469417982942,-0.000720888532292872,-0.000868844119301557,0.0036333746650304,0.00544630947446783,0.00152225202511413,0.00138923963948861,0.00162832179642481,0.00175007798460864,NaN,-0.00139360374162768,-0.00116701846467254,-0.00275491781878657,-0.00342855656564908,-0.0126946009481789,-0.00861658437090317,-0.00242029081313946,-0.00221462924053503,-0.0022045384312677,-0.00430640817214912,-0.00377506949914979,-0.00205083125889687,NaN
SUM,2016,10,daily,BaGall_A11,abs,y,MK,-1,,,,,,,,,,,,,0.000567522852397312,,,,,,,,,,,,,0.00116584920476931,,,,,,,,,,,,,-3.84653779643725e-05,,,,,,,,,,,,
SUM,2016,10,daily,BaGall_A11,abs,MetSea,MK,0,-1,0,0,0,,,,,,,,,0.00201645656556142,0.00192956488480882,-0.00100043660569542,0.000237324118388475,NaN,,,,,,,,,0.0044076689618608,0.0039343730785925,0.000493531617526333,0.00146483048751974,NaN,,,,,,,,,-0.000373497774836786,-5.76076101763672e-05,-0.00264072518480412,-0.000892402217791072,NaN,,,,,,,,
SUM,2016,10,daily,BaGall_A11,abs,month,MK,0,0,0,0,0,0,0,0,0,0,0,0,0,0.00136275347373021,0.00101626417569364,0.00134378324698256,0.00381528861281908,0.00019573280894168,0.00127086544120899,0.00299678826065483,0.000850019618938242,-0.00036284330152818,-0.00223679987242544,-0.000780726232493272,-0.00137940843597836,NaN,0.00321655972320449,0.00355653429053852,0.00460387732805828,0.0083387458154749,0.00492167265817368,0.00499696464653027,0.00653321480639554,0.00461501621436731,0.00164437625549981,0.000930205207815637,0.00238285699151333,0.000603365438787189,NaN,-0.000377098536220248,-0.0015393790525663,-0.00192086343791228,-0.0009394998625825,-0.00458573444631037,-0.0024078463088458,-0.000715881991491879,-0.00269289700922831,-0.00246292802126198,-0.00567448519663275,-0.00392932360554127,-0.00365739150053925,NaN
SUM,2015,10,daily,BaGall_A11,abs,y,MK,95,,,,,,,,,,,,,0.0012599365143356,,,,,,,,,,,,,0.001828066029896,,,,,,,,,,,,,0.000688378721422368,,,,,,,,,,,,
SUM,2015,10,daily,BaGall_A11,abs,MetSea,MK,-1,95,0,-1,95,,,,,,,,,0.00299722674962819,0.0036882579688429,-0.000342331553352488,0.000218648852326265,NaN,,,,,,,,,0.00547403834169954,0.00581982885085827,0.00140576706923002,0.00141677609803613,NaN,,,,,,,,,0.000516866297960934,0.00160458907664589,-0.0022052293098356,-0.000890139946478785,NaN,,,,,,,,
SUM,2015,10,daily,BaGall_A11,abs,month,MK,-1,0,-1,95,0,-1,95,-1,0,0,0,0,95,0.000686004958579129,0.000460326902187693,0.00215926574435168,0.00736155191154833,-0.00159660030536745,0.00429262685534687,0.00448106862120085,0.0022278348552989,2.96030821120614e-05,-0.0021825075698079,0.00055078777502568,-0.000228335094094186,NaN,0.00266192888108426,0.00274117322028654,0.00549028427260196,0.0124874329638664,0.0031405453530523,0.00817398216852752,0.00792697368946658,0.00628073618074801,0.00281941048269486,0.00140640565481923,0.00382282445797748,0.00169482578676535,NaN,-0.00116755571671186,-0.00170284537194503,-0.000952165230637556,0.00240704597365456,-0.00659281778036294,0.000279517844304624,0.00118458980246799,-0.00115516616975758,-0.0026212817095116,-0.00594692643595814,-0.00283948573060726,-0.00263413714861301,NaN
SUM,2024,10,daily,BbsG20_S11,neph,y,MK,95,,,,,,,,,,,,,0.00708284273793016,,,,,,,,,,,,,0.00845016022347816,,,,,,,,,,,,,0.00572775948542106,,,,,,,,,,,,
SUM,2024,10,daily,BbsG20_S11,neph,MetSea,MK,95,95,95,95,95,,,,,,,,,0.00877695396281535,0.00801262340483187,0.00598868781527479,0.00435905184932232,NaN,,,,,,,,,0.0129860721144285,0.0128750651527406,0.00851225296028538,0.00640290462705694,NaN,,,,,,,,,0.00464111473430527,0.00340173477587066,0.0034132371764624,0.00232741562708759,NaN,,,,,,,,
SUM,2024,10,daily,BbsG20_S11,neph,month,MK,-1,95,-1,95,95,-1,95,95,95,95,95,95,95,0.00245487534980562,0.00272721104154332,0.00523776073950188,0.00846724637932652,0.0119881756847665,0.00074194774973278,0.0140124572172252,0.00904586733920278,0.0108753774894256,0.00810091731685601,0.00307258074950981,0.00720863198521933,NaN,0.00668241521078886,0.00632592773019931,0.0107689912347092,0.0150826253540944,0.0204698552072018,0.00819616075426123,0.0231623786901255,0.0182896094121245,0.0172562447944122,0.0120223991989855,0.00665103496275004,0.0102989333795647,NaN,-0.00160585662515096,-0.000797179502600411,-0.000249519618596059,0.00120824930556388,0.00210327000438355,-0.00606171745254471,0.00538364541939704,0.000651140903441762,0.00504056940512126,0.00407739066828146,-0.000415285623918852,0.00420538638907414,NaN
SUM,2023,10,daily,BbsG20_S11,neph,y,MK,95,,,,,,,,,,,,,0.00665078538053884,,,,,,,,,,,,,0.00809379310234428,,,,,,,,,,,,,0.00522210564502255,,,,,,,,,,,,
SUM,2023,10,daily,BbsG20_S11,neph,MetSea,MK,95,95,95,95,95,,,,,,,,,0.00621897535733452,0.00914381222916774,0.00458071275420763,0.00406505394113207,NaN,,,,,,,,,0.0104400147994957,0.0142917582237725,0.00746567303145302,0.00601751635586694,NaN,,,,,,,,,0.00212698935617568,0.00404371069892292,0.00174633944643456,0.00215327980606456,NaN,,,,,,,,
SUM,2023,10,daily,BbsG20_S11,neph,month,MK,95,95,95,-1,95,-1,95,95,95,95,-1,95,95,0.00233523179777674,0.0035655132734897,0.00642429596271707,-0.0018440475575793,0.0133982467079458,0.00114827664801664,0.0197740155537858,0.0112834398665057,0.0112738231668901,0.00693299240261006,0.000592483603850454,0.00673652974614109,NaN,0.00569369565408129,0.00692599759773985,0.0117686566496946,0.00534439045634787,0.022894611382701,0.00828247801288869,0.0318934573451387,0.021605311821369,0.01859792825476,0.0113770565732349,0.00453809739740207,0.0102867902894659,NaN,-0.000790303886628992,0.000231410470152769,0.00117768565811046,-0.00901670162700442,0.00283519988536087,-0.00569144193121965,0.00830946341361122,0.00156228279972206,0.00442071827774211,0.00253443144288044,-0.00340606486229723,0.00347626271193191,NaN
SUM,2022,10,daily,BbsG20_S11,neph,y,MK,95,,,,,,,,,,,,,0.00474381094041661,,,,,,,,,,,,,0.00586766401400972,,,,,,,,,,,,,0.0036227849882134,,,,,,,,,,,,
SUM,2022,10,daily,BbsG20_S11,neph,MetSea,MK,-1,-1,95,95,95,,,,,,,,,0.0029810697971039,0.00267708412570299,0.00359546892508605,0.00403668303401515,NaN,,,,,,,,,0.00654986543625121,0.00678577275077373,0.00598443339809654,0.00576378707326067,NaN,,,,,,,,,-0.000569615761910211,-0.00134534693289973,0.00132168801829452,0.0023204515838873,NaN,,,,,,,,
SUM,2022,10,daily,BbsG20_S11,neph,month,MK,95,95,-1,0,95,-1,-1,-1,95,95,-1,95,95,0.00328040550826401,0.00316352823183126,0.00361565306640916,-0.00444642149756195,0.00795262948768817,-0.00140252389635485,0.00565919442447864,0.00770191564726157,0.0100817447784859,0.00479274874258976,-0.000432581066824567,0.00677056631863461,NaN,0.00617930823480676,0.00620814142579262,0.00810151146199071,0.00250234777795041,0.0157995398335929,0.00409930963262632,0.0155944595519144,0.0165031927290213,0.0157733565527683,0.00834078811038255,0.00287000163488736,0.010000902124153,NaN,0.000551719262312227,-8.46391661601604e-06,-0.000788438850325065,-0.0112504345862064,0.000363284435641631,-0.00669357574439402,-0.0032767081711335,-0.000853356773457214,0.00438622258265609,0.00107896929610809,-0.00356982130171026,0.00359704455769532,NaN
SUM,2021,10,daily,BbsG20_S11,neph,y,MK,95,,,,,,,,,,,,,0.00399144864193644,,,,,,,,,,,,,0.00496706872450497,,,,,,,,,,,,,0.0030168601192876,,,,,,,,,,,,
SUM,2021,10,daily,BbsG20_S11,neph,MetSea,MK,-1,-1,95,95,95,,,,,,,,,0.00100242231045944,0.000702391671076066,0.00479886253769451,0.00280220927641381,NaN,,,,,,,,,0.0046691294111791,0.0049596816241477,0.00727083943586363,0.00440436226437304,NaN,,,,,,,,,-0.00254427366267784,-0.00343815317902366,0.00232373533448345,0.00125726324199143,NaN,,,,,,,,
SUM,2021,10,daily,BbsG20_S11,neph,month,MK,-1,-1,-1,0,-1,0,-1,0,95,95,-1,95,95,0.00225672631415196,0.00130947042333379,0.00226157900718634,-0.0023517775138552,0.00217831793314779,-0.00422816880511868,0.00667540659650915,0.000661565269675095,0.0114226088935939,0.0056936612739472,0.00118085926726997,0.00541563644152881,NaN,0.00481719368702881,0.00436064651464706,0.00665023403565634,0.00475042215786284,0.00915858935151959,0.00189814052991295,0.013696169430678,0.0103684050736468,0.0173098965917542,0.00945099974152386,0.00443725672632249,0.0080843873395781,NaN,-0.000407822405917875,-0.00163555301802512,-0.00252604237081625,-0.00924201898045165,-0.00499885099742848,-0.0109738401601301,-0.000222084352600727,-0.00901323997433294,0.00552283541967197,0.00154817555567053,-0.00216750869124003,0.00233891046928251,NaN
SUM,2024,10,daily,expS_bg,neph,y,MK,95,,,,,,,,,,,,,-0.025411499310989,,,,,,,,,,,,,-0.016978636080511,,,,,,,,,,,,,-0.0339088625659248,,,,,,,,,,,,
SUM,2024,10,daily,expS_bg,neph,MetSea,MK,95,95,95,95,95,,,,,,,,,-0.0179948360131635,-0.0221942386907907,-0.0393965727401335,-0.0490685384236239,-0.0307954057154621,,,,,,,,,-0.00585632408473443,-0.0109824255044927,-0.0159398411199196,-0.0224038812991999,-0.0134611333122062,,,,,,,,,-0.0300305018076671,-0.033472202881024,-0.0631578090736456,-0.0764060604549986,-0.0483150059773348,,,,,,,,
SUM,2024,10,daily,expS_bg,neph,month,MK,95,0,0,95,0,0,95,0,-1,0,95,0,95,-0.0645879363286944,-0.0377040524123501,-0.00404258975010882,-0.0353160532751666,-0.0126494049367602,-0.00497231890458223,-0.0314878893827633,-0.0228742340347577,-0.0332963371050645,0.00775320997489404,-0.090464913502503,-0.0468283687695412,NaN,-0.0130566662321473,0.00777647663509835,0.0300659341036855,-0.016335724189334,0.00223998964476145,0.0129420412207645,-0.0112698643519531,-0.0007007689314995,-0.00472681669132467,0.0570712199060681,-0.0397659753545981,-0.000861445411692914,NaN,-0.11962350240692,-0.0828455898080026,-0.0357187763089165,-0.0556542137307398,-0.028619343553558,-0.0239568716229571,-0.051653679428736,-0.0438262535494151,-0.0661801017211123,-0.0367440373910023,-0.141037234064229,-0.0929236378409215,NaN
SUM,2023,10,daily,expS_bg,neph,y,MK,0,,,,,,,,,,,,,-9.11437800183028e-05,,,,,,,,,,,,,0.0082320713420689,,,,,,,,,,,,,-0.00836058602433557,,,,,,,,,,,,
SUM,2023,10,daily,expS_bg,neph,MetSea,MK,0,0,95,0,0,,,,,,,,,0.0122547587050849,0.000265941933149193,-0.025429636228402,-0.00154577410398001,NaN,,,,,,,,,0.0243256011003502,0.011648548226004,-0.00338891212337515,0.0253519259898025,NaN,,,,,,,,,0.000291106766044254,-0.0113435156058406,-0.0475404446580326,-0.0276064395067227,NaN,,,,,,,,
SUM,2023,10,daily,expS_bg,neph,month,MK,0,0,95,0,0,0,0,0,95,0,0,0,0,-0.0200655206297066,0.0170608200679474,0.0414145416981885,-0.000543430913896889,0.00332469734959725,0.0191455802543037,-0.0150200928904282,0.000520271381682541,-0.0336573478483662,-0.00326076486409207,-0.0336575943774677,-0.00589691125512705,NaN,0.0347859991235706,0.0652114732959283,0.0711264712315222,0.0190128717370008,0.0192500882050727,0.0403356123204305,0.00519908782282206,0.020821847182256,-0.00663410589718745,0.0409233972909087,0.0164902023809398,0.0349148268850471,NaN,-0.0764317722769507,-0.0280515593479453,0.0120812405442097,-0.0200101234377242,-0.0124247894318056,0.000395824396584372,-0.0358457616300941,-0.0203408119588634,-0.0645973744166803,-0.0438695870461406,-0.0841312178779717,-0.0454912247686037,NaN
SUM,2022,10,daily,expS_bg,neph,y,MK,95,,,,,,,,,,,,,0.0424465390290404,,,,,,,,,,,,,0.0512146936802974,,,,,,,,,,,,,0.0337107697994605,,,,,,,,,,,,
SUM,2022,10,daily,expS_bg,neph,MetSea,MK,95,95,0,95,95,,,,,,,,,0.0420362435809042,0.0289857213408582,0.0154600852537024,0.0929748671829723,NaN,,,,,,,,,0.0538773336042979,0.0427769629712608,0.0385405304290935,0.119868242664126,NaN,,,,,,,,,0.0303828561425292,0.0148408707319946,-0.00729874372369196,0.0662554167220435,NaN,,,,,,,,
SUM,2022,10,daily,expS_bg,neph,month,MK,95,95,95,95,95,95,0,-1,0,0,0,-1,95,0.0933739841904648,0.119923954668413,0.0735391191175714,0.0386680933329235,0.021448073353072,0.0500926020970309,0.0184367105211498,0.025866708660553,-0.00378904021681042,0.0327988881270873,0.0243757201080188,0.0641096089205507,NaN,0.143538764721309,0.162647217972715,0.10178699962309,0.0569749316290221,0.0360912295519918,0.0724558895719727,0.0429998130467536,0.0526623163802912,0.0272722169053217,0.0768408055843818,0.0738970709695448,0.116576249462835,NaN,0.0458985004382518,0.078829497690762,0.0461794286330031,0.0194021778049625,0.00737387878656813,0.0274538655342022,-0.0078313182020386,0.000933395915211997,-0.0361514168926413,-0.00866784620823653,-0.0239112114637142,0.0150164058903015,NaN
SUM,2021,10,daily,expS_bg,neph,y,MK,95,,,,,,,,,,,,,0.060529686164752,,,,,,,,,,,,,0.0691014460492954,,,,,,,,,,,,,0.0519540618656318,,,,,,,,,,,,
SUM,2021,10,daily,expS_bg,neph,MetSea,MK,95,95,95,95,95,,,,,,,,,0.0601071188342149,0.0484744686507046,0.0627475130751665,0.0867340703885061,NaN,,,,,,,,,0.0719283496534636,0.0611723772180704,0.0853356976540269,0.114073564808998,NaN,,,,,,,,,0.0483430458728845,0.0355811650110083,0.0409077459456738,0.059148257534323,NaN,,,,,,,,
SUM,2021,10,daily,expS_bg,neph,month,MK,95,95,95,95,95,95,95,95,0,95,95,95,95,0.0960517577792413,0.0951173961099744,0.103525792602333,0.0629469624941917,0.0229802548168214,0.0572056158521675,0.0451206704177039,0.0466695812767521,0.0219113192531985,0.0757058109925636,0.0897459602100331,0.0729004665457307,NaN,0.145474595399576,0.143845952462008,0.129964038119379,0.082845987204651,0.0373953053860429,0.0786621916894728,0.0684764023751254,0.0684380237408866,0.0565743778479814,0.117610793098966,0.131352808016412,0.118832248760323,NaN,0.0441760677742636,0.0483590054371075,0.0769346123628298,0.042841159178302,0.00810081384395452,0.0355099538094541,0.0208429461903271,0.0241515627774741,-0.0117920417349278,0.0388998850016178,0.0481514998786942,0.0271734575970241,NaN
SUM,2020,10,daily,expS_bg,neph,y,MK,95,,,,,,,,,,,,,0.0540269319569597,,,,,,,,,,,,,0.0631572174883639,,,,,,,,,,,,,0.0449738365523743,,,,,,,,,,,,
SUM,2020,10,daily,expS_bg,neph,MetSea,MK,95,95,95,95,95,,,,,,,,,0.0623652985619645,0.0473862166344216,0.0525323502754087,0.083532286301253,NaN,,,,,,,,,0.0755739463610846,0.0604619250449855,0.0744029897335963,0.113829389559307,NaN,,,,,,,,,0.0493064723228755,0.0344902156400418,0.0312847814989982,0.053273932959336,NaN,,,,,,,,
SUM,2020,10,daily,expS_bg,neph,month,MK,95,95,95,95,0,95,95,95,-1,0,95,95,95,0.0924147781187122,0.0912999582780745,0.117498350875491,0.0753705510848729,0.018183377971179,0.0381701067991016,0.0308515119044092,0.0751939601152514,0.0408696252400451,0.0306222900409429,0.0854894390710305,0.072338364717375,NaN,0.149673071146138,0.149948040135326,0.148940978348822,0.0978832616512799,0.0346086149139873,0.0615982697615526,0.0526606331382595,0.100668827006122,0.0769831823839185,0.0669233700825091,0.123447165449575,0.119056004826673,NaN,0.0331136702273998,0.0374099655162663,0.0870373299637887,0.0520933084108325,0.00142372277280029,0.0165154035015418,0.0104365349215353,0.0516647629383242,0.00607370798417095,-0.00542774339839168,0.0446208742568058,0.0268031759370834,NaN
SUM,2024,10,daily,expA_bg,abs,y,MK,95,,,,,,,,,,,,,-0.0215232543225254,,,,,,,,,,,,,-0.0133381893903423,,,,,,,,,,,,,-0.0305890504170232,,,,,,,,,,,,
SUM,2024,10,daily,expA_bg,abs,MetSea,MK,95,95,95,95,95,,,,,,,,,-0.0210307072387837,-0.0265038844420355,0,0,NaN,,,,,,,,,-0.00701623647907787,-0.00594665613913456,0,0,NaN,,,,,,,,,-0.0344843284503685,-0.0438358921431109,0,0,NaN,,,,,,,,
SUM,2024,10,daily,expA_bg,abs,month,MK,95,95,95,0,95,95,95,95,0,95,0,95,95,0,0,0,0,-0.0468050131040888,-0.0402695531835899,0,0,0,0,0,0,NaN,0,0,0,3.88909095918662e-16,-0.0314855571355229,-0.013831486905289,0,0,0,0,0,0,NaN,0,0,-0.0418918713550501,-0.0196303495945535,-0.0615917520238825,-0.0639065363908937,-0.0333994940302528,-0.0484986940900447,0,0,0,0,NaN
SUM,2023,10,daily,expA_bg,abs,y,MK,95,,,,,,,,,,,,,-0.0319955621789028,,,,,,,,,,,,,-0.0227863642780141,,,,,,,,,,,,,-0.0418264566321091,,,,,,,,,,,,
SUM,2023,10,daily,expA_bg,abs,MetSea,MK,95,95,95,95,95,,,,,,,,,-0.0281995931708261,-0.033048020638037,0,0,NaN,,,,,,,,,-0.0163841398550367,-0.0162675616291017,0,0,NaN,,,,,,,,,-0.0392122724487818,-0.0482152488054839,0,0,NaN,,,,,,,,
SUM,2023,10,daily,expA_bg,abs,month,MK,95,95,95,95,95,95,95,95,95,95,95,95,95,0,0,0,-0.0222386510336097,-0.0492874897110816,-0.0451497112403946,0,-0.0333676861039322,0,0,0,0,NaN,0,0,0,-0.00443115960467744,-0.0340016366547121,-0.0201050754575184,0,0,0,0,0,0,NaN,0,-0.017910537124033,-0.0309086833323441,-0.0381857835922504,-0.0650028793544058,-0.0684204629227008,-0.031521247545156,-0.0652498586934067,0,-0.0347377056106291,-0.0197377339084716,0,NaN
SUM,2022,10,daily,expA_bg,abs,y,MK,95,,,,,,,,,,,,,-0.0389774267146544,,,,,,,,,,,,,-0.0271507043102964,,,,,,,,,,,,,-0.0505772276877728,,,,,,,,,,,,
SUM,2022,10,daily,expA_bg,abs,MetSea,MK,95,95,95,95,95,,,,,,,,,-0.0240635244720837,-0.0490853828878373,0,0,NaN,,,,,,,,,-0.0126225245808175,-0.0296081877142414,0,0,NaN,,,,,,,,,-0.0350888717623545,-0.067347601787225,0,0,NaN,,,,,,,,
SUM,2022,10,daily,expA_bg,abs,month,MK,95,95,95,95,95,95,95,95,95,95,95,95,95,0,0,0,-0.0364059903804458,-0.0225076328994805,-0.0379416316672897,-0.0325279357598438,-0.0532388478514143,0,0,0,0,NaN,0,0,0,-0.0209682996912991,-0.00684889390943626,-0.0108145040954966,0,-0.00876840197627708,0,0,0,0,NaN,0,0,-0.0353096245283487,-0.0513268585650177,-0.0379185626873698,-0.0677768188485628,-0.0643629268957254,-0.0937360591935142,0,-0.0802014302807524,-0.0557850714365527,0,NaN
SUM,2021,10,daily,expA_bg,abs,y,MK,95,,,,,,,,,,,,,-0.0361927487693922,,,,,,,,,,,,,-0.0267048613735221,,,,,,,,,,,,,-0.046332554922511,,,,,,,,,,,,
SUM,2021,10,daily,expA_bg,abs,MetSea,MK,95,95,95,95,95,,,,,,,,,-0.0223744810931847,-0.0527303126106084,0,0,NaN,,,,,,,,,-0.0112751700171827,-0.0358347795132709,0,0,NaN,,,,,,,,,-0.0332877916490233,-0.0693150818578842,0,0,NaN,,,,,,,,
SUM,2021,10,daily,expA_bg,abs,month,MK,95,95,95,95,0,95,95,95,95,95,95,0,95,0,0,-5.45527748534984e-16,-0.0439294531175554,-0.00964005293028666,-0.0420031510645988,-0.0499511202981346,-0.0448118814316077,0,0,0,0,NaN,0,0,0,-0.0298602578747354,0,-0.0167877352380938,-0.010456530665208,-0.00929106742077593,0,0,0,0,NaN,0,-0.0558519273139881,-0.0354202876354062,-0.0584611753680607,-0.024885708122168,-0.0701842877477097,-0.0789575416417373,-0.0736657798054928,0,-0.0241833286675688,-0.0374776151814692,0,NaN
SUM,2020,10,daily,expA_bg,abs,y,MK,95,,,,,,,,,,,,,-0.00130749561949683,,,,,,,,,,,,,0,,,,,,,,,,,,,-0.0162397563359313,,,,,,,,,,,,
SUM,2020,10,daily,expA_bg,abs,MetSea,MK,95,95,95,95,95,,,,,,,,,-0.0130486027860343,-0.0172350946690705,0,0,NaN,,,,,,,,,0,0,0,0,NaN,,,,,,,,,-0.02639973492178,-0.0402796431639709,0,0,NaN,,,,,,,,
SUM,2020,10,daily,expA_bg,abs,month,MK,95,95,0,95,0,95,95,95,0,0,95,0,95,0,0,0,-0.0433880120104979,-0.000886121864802281,-0.0219572397790445,0,-0.0153908120292266,0,0,0,0,NaN,0,0,0,-0.0258615636350413,0.00602144243814728,0,0,0,0,0,0,0,NaN,0,-0.0741866248849326,-0.0194349592359235,-0.0630371368611786,-0.0191668517439652,-0.0484911979393775,-0.0244349906345354,-0.0732736597690453,0,0,0,0,NaN
SUM,2024,10,daily,BbsFG_S11,neph,y,MK,95,,,,,,,,,,,,,0.00728630128853932,,,,,,,,,,,,,0.00825049678640752,,,,,,,,,,,,,0.00634076212631878,,,,,,,,,,,,
SUM,2024,10,daily,BbsFG_S11,neph,MetSea,MK,95,95,95,95,95,,,,,,,,,0.00542242594908815,0.00444945331851895,0.0079090338723946,0.0152182060069345,NaN,,,,,,,,,0.00664239722176766,0.00584643958329543,0.0106059344846301,0.0184526198003314,NaN,,,,,,,,,0.00420466202764559,0.00311329772465699,0.0052776623285475,0.0121025781901552,NaN,,,,,,,,
SUM,2024,10,daily,BbsFG_S11,neph,month,MK,95,95,95,95,95,95,95,95,0,95,95,95,95,0.0251845512252508,0.0132152456498014,0.00640856932308664,0.00604012447070684,0.004740521150696,0.00729501734468622,0.00450630983438671,0.00368333951290799,0.00283858803075389,0.00929798005012693,0.00889044473758356,0.00762320677764377,NaN,0.0314631287823338,0.0184474397406738,0.00961123944544963,0.00776071827039117,0.00642420913240403,0.0102724331787884,0.00676761070206798,0.00600980904717997,0.00632515410157023,0.0145118222413776,0.0145998485917836,0.0132115849213327,NaN,0.0189989979681232,0.00808518030308969,0.00324828605952818,0.00413708537288609,0.00316566931872723,0.00448590195087466,0.00232954344280482,0.00140083254004061,-0.000585193536801945,0.00464854775994069,0.00343350981042847,0.00158310879795574,NaN
SUM,2023,10,daily,BbsFG_S11,neph,y,MK,95,,,,,,,,,,,,,0.0106272793790992,,,,,,,,,,,,,0.0115940929864487,,,,,,,,,,,,,0.00968306256156497,,,,,,,,,,,,
SUM,2023,10,daily,BbsFG_S11,neph,MetSea,MK,95,95,95,95,95,,,,,,,,,0.0068191696239739,0.00596959896882945,0.0150825207800512,0.0200530369602236,NaN,,,,,,,,,0.00799237779380654,0.00741283860508316,0.017943115588631,0.0233782710002949,NaN,,,,,,,,,0.00567335732518092,0.004663811935386,0.012412964086275,0.0168995415729429,NaN,,,,,,,,
SUM,2023,10,daily,BbsFG_S11,neph,month,MK,95,95,95,95,95,95,95,95,95,95,95,95,95,0.0229480771366376,0.017470412019577,0.00692942098549205,0.0079337918421707,0.00565062626879907,0.00875112113632303,0.00446610570083337,0.00623573546589988,0.00905471157868494,0.0156921532122679,0.0188496825153369,0.0210439892835537,NaN,0.0296147103135364,0.0227936599900209,0.00971609571041819,0.00983480611378376,0.00741911043970629,0.0115227605191737,0.00660113147885338,0.00864693624619541,0.0125435182086056,0.0206810051723663,0.0247394995768126,0.0265752798529247,NaN,0.0171102534409282,0.012252511217915,0.00414606072890503,0.0062208318384873,0.00412811616141756,0.00614349921671803,0.00254425803649403,0.00409300624539813,0.00547945417656614,0.0109097574543389,0.0133575149835761,0.0157507626120552,NaN
SUM,2022,10,daily,BbsFG_S11,neph,y,MK,95,,,,,,,,,,,,,0.0142798044037019,,,,,,,,,,,,,0.0152872643668007,,,,,,,,,,,,,0.0132979468134885,,,,,,,,,,,,
SUM,2022,10,daily,BbsFG_S11,neph,MetSea,MK,95,95,95,95,95,,,,,,,,,0.00806628278179066,0.011498509320307,0.0189148664499352,0.0253003649407862,NaN,,,,,,,,,0.00920489637107396,0.0131519702013012,0.0218537386488974,0.0287377663130273,NaN,,,,,,,,,0.00698923447442165,0.00986448013591443,0.0161092902339064,0.0219853708995405,NaN,,,,,,,,
SUM,2022,10,daily,BbsFG_S11,neph,month,MK,95,95,95,95,95,95,95,95,95,95,95,95,95,0.0226704586344955,0.0219419684578222,0.00962379785932116,0.00878599057736992,0.00659348778310402,0.0134258068501252,0.00937426109793362,0.0120947803337714,0.0129563338794104,0.0189214010520988,0.0244211220065531,0.0318409267524808,NaN,0.0290719159306345,0.0279009456628625,0.0120617670307283,0.0107781196528492,0.00816571295338191,0.0160233840215181,0.0123189719036794,0.0155676339293762,0.0169852071653773,0.0236912602381087,0.0302646998247772,0.0383343120480733,NaN,0.0169351265760728,0.0166943745632525,0.00725613504976196,0.00706953852025977,0.00511717211299465,0.0111148022226685,0.00655984788541937,0.00891614542715852,0.00959058030072384,0.014400870429336,0.0185943226118259,0.0262069608104925,NaN
SUM,2021,10,daily,BbsFG_S11,neph,y,MK,95,,,,,,,,,,,,,0.0120385718253707,,,,,,,,,,,,,0.0129496511505579,,,,,,,,,,,,,0.0111444137071514,,,,,,,,,,,,
SUM,2021,10,daily,BbsFG_S11,neph,MetSea,MK,95,95,95,95,95,,,,,,,,,0.00788067734060008,0.00887401783469325,0.0141093777665725,0.0244985134620007,NaN,,,,,,,,,0.00892614930696021,0.0102942080244109,0.0165428187973951,0.0278712846641069,NaN,,,,,,,,,0.00688950653414019,0.00747512886862483,0.0117749959203062,0.0211089165769292,NaN,,,,,,,,
SUM,2021,10,daily,BbsFG_S11,neph,month,MK,95,95,95,95,95,95,95,95,95,95,95,95,95,0.0204608458633415,0.0241656513356038,0.00991708592995409,0.00709423382505457,0.00724112729677639,0.0127668577207076,0.00738672925190464,0.00678443925255126,0.00913451959887653,0.0143020856518744,0.0181853373081971,0.0284417389076645,NaN,0.0270238333448596,0.0305090828241586,0.0121238337958107,0.0087745211951716,0.0088492245301337,0.0149943007995794,0.0100415270160093,0.00905202139196173,0.0126156765261619,0.0182915083182216,0.0231812298560081,0.0343328605505858,NaN,0.0144974837218343,0.0184177092023987,0.0078505060650144,0.00553465261595398,0.00571643543319004,0.01054588296104,0.00492396158208737,0.0048000332535682,0.00566995330120597,0.0106130940859242,0.0135765592152949,0.0234446218720035,NaN
SUM,2020,10,daily,BbsFG_S11,neph,y,MK,95,,,,,,,,,,,,,0.0104763597602659,,,,,,,,,,,,,0.0114380391389074,,,,,,,,,,,,,0.00953392013341921,,,,,,,,,,,,
SUM,2020,10,daily,BbsFG_S11,neph,MetSea,MK,95,95,95,95,95,,,,,,,,,0.00919701345067446,0.00767798166635888,0.00993419022651838,0.0194639098437869,NaN,,,,,,,,,0.0104706085534614,0.00909562143465417,0.0121951114204405,0.0229982264705604,NaN,,,,,,,,,0.00795990650413704,0.00632508074015857,0.00769036828567028,0.0160921249087639,NaN,,,,,,,,
SUM,2020,10,daily,BbsFG_S11,neph,month,MK,95,95,95,95,95,95,95,95,95,95,95,95,95,0.0158874527958102,0.0206694405769918,0.0128467607542233,0.00894797727596349,0.00711766098529237,0.0109408054097624,0.00554665642733809,0.00680297833361964,0.00627623151175131,0.011324585927614,0.0113955008084306,0.0212340805859214,NaN,0.0225888779224413,0.0270134616608688,0.0157393997593703,0.011237882509715,0.00880914008137063,0.0133995165760615,0.00781308829823769,0.00946090014433351,0.010221422380596,0.0149815423516224,0.0156028470197402,0.0266114114328275,NaN,0.00971822071357857,0.0148312800818178,0.0101661290679856,0.00683472816518269,0.00545464354146873,0.00851166884923384,0.00343021941122936,0.00433478770894083,0.00213648962088859,0.00794816560338831,0.00726443163171331,0.0159985099554352,NaN
SUM,2024,10,daily,SSA,abs+neph,y,MK,95,,,,,,,,,,,,,0.0020627932818939,,,,,,,,,,,,,0.00236954564103218,,,,,,,,,,,,,0.00175788691975594,,,,,,,,,,,,
SUM,2024,10,daily,SSA,abs+neph,MetSea,MK,95,95,95,95,95,,,,,,,,,0.00101554603375747,0.00140428240493982,0.00211913444653737,0.00258967246742111,NaN,,,,,,,,,0.00156499571312562,0.00186699041315201,0.00295937121324825,0.00356444758167008,NaN,,,,,,,,,0.00046490702071646,0.000947068141959891,0.00131477517621168,0.0016194114278365,NaN,,,,,,,,
SUM,2024,10,daily,SSA,abs+neph,month,MK,-1,95,95,-1,95,95,-1,95,-1,95,95,95,95,0.000645431150204884,0.00240452936845713,0.00140908620457432,0.000638733167589979,0.00121125380790049,0.00195677331890028,0.000110049406270308,0.000831682022690529,0.000277821337025239,0.00405993084358828,0.00412862118101072,0.00490270967507583,NaN,0.00250297725531766,0.00400816036765896,0.00289814683959181,0.00143521050586308,0.0020057815300543,0.00271564774317922,0.000926781941321152,0.0015568286265197,0.00118406349702287,0.00555073788904273,0.00586909405054538,0.00651005482797262,NaN,-0.00118229680065786,0.000723884763347661,-1.72679970987318e-05,-0.000140216697494432,0.000401678751773993,0.0012309655686962,-0.000627297797193095,5.67449094399792e-05,-0.000639307934079073,0.00261201343442857,0.0023745056360432,0.00331938272073028,NaN
SUM,2023,10,daily,SSA,abs+neph,y,MK,95,,,,,,,,,,,,,0.00145086441716884,,,,,,,,,,,,,0.00176822121053597,,,,,,,,,,,,,0.00113074440285191,,,,,,,,,,,,
SUM,2023,10,daily,SSA,abs+neph,MetSea,MK,95,95,0,95,95,,,,,,,,,0.000850113292151512,0.00138551421388984,-0.000147339126629931,0.00308662623262494,NaN,,,,,,,,,0.00136314313027017,0.0017925402150354,0.000695555403596747,0.0040566512721717,NaN,,,,,,,,,0.000340042165054204,0.00097479627654808,-0.000984529344958012,0.00210252000625711,NaN,,,,,,,,
SUM,2023,10,daily,SSA,abs+neph,month,MK,95,95,95,-1,-1,95,95,95,0,-1,0,0,95,0.00395833459447493,0.00552200142684015,0.00180087507363898,0.000499608946287272,0.000536335762015972,0.00163940034450004,0.000956927346547271,0.000749806694108196,-0.000450590951837625,0.00138448628671361,0.00105155110395379,-0.000440139559773416,NaN,0.00572372614754599,0.0072007306321576,0.00311758399315498,0.00122630230634339,0.00132562216084005,0.00231646831528258,0.00165538406301726,0.00138880337969164,0.000383210417886108,0.00297036449252618,0.00283145646232276,0.00116941171632739,NaN,0.00213899593013055,0.00397766105694677,0.000566836454543463,-0.000199581452342799,-0.000242219749524437,0.000980561710787424,0.0002206339492756,0.000137788907460895,-0.00132984854470107,-0.000341579024362659,-0.000765597952463453,-0.00208121090051717,NaN
SUM,2022,10,daily,SSA,abs+neph,y,MK,95,,,,,,,,,,,,,0.000518882175465989,,,,,,,,,,,,,0.000845823174023814,,,,,,,,,,,,,0.000192881180866521,,,,,,,,,,,,
SUM,2022,10,daily,SSA,abs+neph,MetSea,MK,0,95,0,95,95,,,,,,,,,-0.000370298862227291,0.00137696600147738,-0.000738009584070942,0.00252236396862428,NaN,,,,,,,,,7.6759017198961e-05,0.00185796404104851,8.27701710519631e-05,0.0034779288483621,NaN,,,,,,,,,-0.000805474791284752,0.000899446144125703,-0.00156716553548747,0.00157534032427174,NaN,,,,,,,,
SUM,2022,10,daily,SSA,abs+neph,month,MK,95,95,0,0,95,-1,95,0,0,0,0,0,-1,0.00341782011748485,0.00422683897656234,0.000818749834008408,0.000158841907182487,-0.00181053302531043,0.00113738719943992,0.00109256988422369,0.000670703162527071,-0.000688676923712954,0.000444051478908837,-0.000779556918132769,-0.00118163081763016,NaN,0.00519202864591707,0.00581350873808169,0.00190574294419566,0.000811124407114325,-0.00121451564678826,0.00188390226141156,0.00201744377906557,0.00135365914863361,0.000155292863439079,0.00198852843646275,0.000874598315019075,0.000612960960299344,NaN,0.00157141255029468,0.00277652182935134,-0.000264885109055018,-0.000514184237325139,-0.00239082039217003,0.000385919623205615,0.000185965097837929,2.1166705269502e-05,-0.00152421685813467,-0.000984509304852411,-0.00243496561615429,-0.00289064408820232,NaN
SUM,2021,10,daily,SSA,abs+neph,y,MK,0,,,,,,,,,,,,,0.000209597387201844,,,,,,,,,,,,,0.000520161503250976,,,,,,,,,,,,,-0.000101014817879002,,,,,,,,,,,,
SUM,2021,10,daily,SSA,abs+neph,MetSea,MK,95,95,0,95,0,,,,,,,,,-0.000778774410494494,0.00105364929000509,-0.000564920118153887,0.00203201546000714,NaN,,,,,,,,,-0.000353914959577285,0.00152883759073638,0.000254856987693817,0.00298670914399033,NaN,,,,,,,,,-0.00121158327664196,0.000591795825785699,-0.00139927069401085,0.0010892833189804,NaN,,,,,,,,
SUM,2021,10,daily,SSA,abs+neph,month,MK,95,95,0,0,95,0,95,0,0,0,95,95,0,0.00375632947963566,0.00400454379630826,-0.000378391301050552,-0.000589065995969645,-0.00141450118780473,0.000634232266097476,0.00126663763115309,0.000353105629014864,0.000310187916360248,5.37780445390856e-05,-0.0017368383197092,-0.00194501604116257,NaN,0.00544530455454861,0.00566189017658224,0.000614853071912627,7.90259964158564e-05,-0.000780848048194637,0.00139296781059781,0.00214658551426058,0.000964126108830194,0.00145057802235327,0.0014239554493048,-0.000315000876770294,-0.000467676018936018,NaN,0.00204617332282844,0.00235462454563647,-0.00140951446651708,-0.00122173197162672,-0.00205002236901919,-9.52050954154079e-05,0.000393528164769589,-0.000208847379459094,-0.000735634433561375,-0.00133225262529026,-0.00324235338133702,-0.00331569759546313,NaN
SUM,2020,10,daily,SSA,abs+neph,y,MK,0,,,,,,,,,,,,,9.24057457478514e-05,,,,,,,,,,,,,0.00042350631515206,,,,,,,,,,,,,-0.000237586286824301,,,,,,,,,,,,
SUM,2020,10,daily,SSA,abs+neph,MetSea,MK,95,95,0,95,0,,,,,,,,,-0.00061606412560703,-0.000474888834529406,-0.000239279152525202,0.00231727133726724,NaN,,,,,,,,,-0.000125361248936355,3.88285603073471e-05,0.000547888810827767,0.0033681782328953,NaN,,,,,,,,,-0.00110094897269446,-0.00098959600219445,-0.00106027923041399,0.00126913383619384,NaN,,,,,,,,
SUM,2020,10,daily,SSA,abs+neph,month,MK,95,95,0,0,95,0,95,0,0,0,0,0,0,0.00396436554728468,0.00405973306832356,-0.000502581720116156,-0.000366115108872615,-0.000856946349763408,0.000275651245403816,-0.00116797673509424,-0.000316403207826133,-9.71445959316592e-05,0.00050586741519686,-0.000411147494377527,-0.000233920945614038,NaN,0.00594953020507665,0.00608150117623212,0.000703697783162358,0.000458089579018131,-0.000216172423519819,0.000980300701159212,-0.000408124937929337,0.000474516438214597,0.00101546968009768,0.00180537941095737,0.000932607336689249,0.00125762013104787,NaN,0.00186616864951073,0.00199972917972391,-0.0017689130613006,-0.00117796949441462,-0.00150903632467394,-0.000528989238824413,-0.00198031974473531,-0.00111327935996497,-0.00130530560672767,-0.000728890181099302,-0.00180054766455654,-0.00164444746355934,NaN
